url,place_id,latitude,longitude,name,category,rating,reviews_count,price_range,address,website,phone,opening_status,weekly_hours,photo_url,review_breakdown,top_reviews
https://www.google.com/maps/place/Glorious+Bastards+Konstanz/data=!4m7!3m6!1s0x479af75b1704c123:0x13ad1a00df72fc9a!8m2!3d47.6574474!4d9.176528!16s%2Fg%2F11vx4fw711!19sChIJI8EEF1v3mkcRmvxy3wAarRM?authuser=0,0x479af75b1704c123:0x13ad1a00df72fc9a,47.6574474,9.176528,Glorious Bastards Konstanz,Restaurant,4.0,,·€20–30,"Bodanstraße 1 Lago, 4.OG, 78462 Konstanz, Germany",https://glorious-bastards.at/konstanz/,+49 7531 7176152,,,,"{""5"": ""1,122"", ""4"": ""157"", ""3"": ""95"", ""2"": ""110"", ""1"": ""259""}",[]
https://www.google.com/maps/place/Heimathafen+Konstanz/data=!4m7!3m6!1s0x479af77d5a86fff3:0xb8dc1a28bea3e376!8m2!3d47.6788123!4d9.1627105!16s%2Fg%2F11h07t9k9b!19sChIJ8_-GWn33mkcRduOjviga3Lg?authuser=0,0x479af77d5a86fff3:0xb8dc1a28bea3e376,47.6788123,9.1627105,Heimathafen Konstanz,Cafe,4.6,,·€10–20,"Cherisy-Straße 3, 78467 Konstanz, Germany",http://heimathafen-kn.de/,+49 7531 9217140,,,,"{""5"": ""404"", ""4"": ""61"", ""3"": ""19"", ""2"": ""13"", ""1"": ""18""}",[]
https://www.google.com/maps/place/Heinrich/data=!4m7!3m6!1s0x479af71d40365a2d:0x10feb75ed7961936!8m2!3d47.6625058!4d9.1752351!16s%2Fg%2F11fy4n1y2c!19sChIJLVo2QB33mkcRNhmW1163_hA?authuser=0,0x479af71d40365a2d:0x10feb75ed7961936,47.6625058,9.1752351,Heinrich,Cafe,4.0,,·€10–20,"Zollernstraße 26, 78462 Konstanz-Altstadt, Germany",https://das-heinrich.de/,+49 7531 6918833,,,,"{""5"": ""583"", ""4"": ""313"", ""3"": ""130"", ""2"": ""104"", ""1"": ""95""}",[]
https://www.google.com/maps/place/EAT+HAPPY/data=!4m7!3m6!1s0x479af7b585b5810b:0x9097ed49266a573a!8m2!3d47.672229!4d9.16752!16s%2Fg%2F11gzs7gv89!19sChIJC4G1hbX3mkcROldqJkntl5A?authuser=0,0x479af7b585b5810b:0x9097ed49266a573a,47.672229,9.16752,EAT HAPPY,,4.8,1,,"Reichenaustraße 36, 78467 Konstanz, Germany",https://www.eathappy.de/standorte/?q=78467,+49 221 6699360,,,,"{""5"": ""10"", ""4"": ""2"", ""3"": ""0"", ""2"": ""0"", ""1"": ""0""}",[]
https://www.google.com/maps/place/Iu+Mi+Sushi+Bar/data=!4m7!3m6!1s0x479af76c824989ab:0x8af3e2c0934fe26d!8m2!3d47.6601081!4d9.1715615!16s%2Fg%2F11j_x5h1sh!19sChIJq4lJgmz3mkcRbeJPk8Di84o?authuser=0,0x479af76c824989ab:0x8af3e2c0934fe26d,47.6601081,9.1715615,Iu Mi Sushi Bar,Restaurant,4.6,,·€20–30,"Ob. Laube 69, 78462 Konstanz-Altstadt, Germany",http://iumi-sushi.de/,+49 7531 9229209,,,,"{""5"": ""332"", ""4"": ""59"", ""3"": ""22"", ""2"": ""10"", ""1"": ""12""}",[]
https://www.google.com/maps/place/Constanzer+Wirtshaus/data=!4m7!3m6!1s0x479af7023b985443:0xf5a54fd3ab1fe0e6!8m2!3d47.6676555!4d9.1775302!16s%2Fg%2F11b88lxycm!19sChIJQ1SYOwL3mkcR5uAfq9NPpfU?authuser=0,0x479af7023b985443:0xf5a54fd3ab1fe0e6,47.6676555,9.1775302,Constanzer Wirtshaus,German restaurant,4.4,,·€20–30,"Spanierstraße 3, 78467 Konstanz-Petershausen-West, Germany",http://www.constanzer-wirtshaus.de/,+49 7531 3630130,,,,"{""5"": ""4,343"", ""4"": ""1,863"", ""3"": ""565"", ""2"": ""207"", ""1"": ""218""}",[]
https://www.google.com/maps/place/No.5/data=!4m7!3m6!1s0x479af78536382f89:0xd2f36a3a368505bd!8m2!3d47.6581169!4d9.1709544!16s%2Fg%2F11stv3lx5l!19sChIJiS84NoX3mkcRvQWFNjpq89I?authuser=0,0x479af78536382f89:0xd2f36a3a368505bd,47.6581169,9.1709544,No.5,Pizza restaurant,4.9,,·€10–20,"Kreuzlinger Str. 5, 78462 Konstanz, Germany",,+49 160 91511292,,,,"{""5"": ""361"", ""4"": ""38"", ""3"": ""3"", ""2"": ""1"", ""1"": ""0""}",[]
https://www.google.com/maps/place/Brotalgut+-+Sauerteigbackstube/data=!4m7!3m6!1s0x479af742586b7591:0x7cc6a1669a9f1c5b!8m2!3d47.6615087!4d9.1764075!16s%2Fg%2F11sszqjr17!19sChIJkXVrWEL3mkcRWxyfmmahxnw?authuser=0,0x479af742586b7591:0x7cc6a1669a9f1c5b,47.6615087,9.1764075,Brotalgut - Sauerteigbackstube,Bakery,4.8,,·€1–10,"Salmannsweilergasse 4, 78462 Konstanz, Germany",http://www.brotalgut-konstanz.de/, Send to phone,,,,"{""5"": ""103"", ""4"": ""2"", ""3"": ""2"", ""2"": ""3"", ""1"": ""2""}",[]
https://www.google.com/maps/place/DIE+EISBAR/data=!4m7!3m6!1s0x479af7ba84e4c493:0x8c9cfbdef9cfd56c!8m2!3d47.6616081!4d9.1742075!16s%2Fg%2F11j8vkn8m5!19sChIJk8TkhLr3mkcRbNXP-d77nIw?authuser=0,0x479af7ba84e4c493:0x8c9cfbdef9cfd56c,47.6616081,9.1742075,DIE EISBAR,Sundae restaurant,4.8,,·€1–10,"Wessenbergstraße 13A, 78462 Konstanz-Altstadt, Germany",, Send to phone,,,,"{""5"": ""394"", ""4"": ""46"", ""3"": ""6"", ""2"": ""3"", ""1"": ""11""}",[]
https://www.google.com/maps/place/I%E2%80%98bro%E2%80%98s/data=!4m7!3m6!1s0x479af50038887dd5:0x7c108dd7cbcba36e!8m2!3d47.7140467!4d9.0705275!16s%2Fg%2F11mm8l4sdj!19sChIJ1X2IOAD1mkcRbqPLy9eNEHw?authuser=0,0x479af50038887dd5:0x7c108dd7cbcba36e,47.7140467,9.0705275,I‘bro‘s,Doner kebab restaurant,4.3,,·€1–10,"Konstanzer Str. 16, 78476 Allensbach, Germany",,+49 7533 9400275,,,,"{""5"": ""30"", ""4"": ""3"", ""3"": ""0"", ""2"": ""1"", ""1"": ""5""}",[]
https://www.google.com/maps/place/Restaurant+Zur+Wendelgard/data=!4m7!3m6!1s0x479af702c3fd75ad:0xc0265b7fa9c47f20!8m2!3d47.6644945!4d9.1762642!16s%2Fg%2F1x5qrrt5!19sChIJrXX9wwL3mkcRIH_EqX9bJsA?authuser=0,0x479af702c3fd75ad:0xc0265b7fa9c47f20,47.6644945,9.1762642,Restaurant Zur Wendelgard,German restaurant,4.7,,·€20–30,"Inselgasse 5, 78462 Konstanz-Altstadt, Germany",http://www.zur-wendelgard.de/,+49 7531 917488,,,,"{""5"": ""601"", ""4"": ""204"", ""3"": ""5"", ""2"": ""2"", ""1"": ""1""}",[]
https://www.google.com/maps/place/Cafe+M%C3%BCnsterhof/data=!4m7!3m6!1s0x479af71d4d1a68a3:0xed66b8ab8a57186f!8m2!3d47.6636533!4d9.174964!16s%2Fg%2F1wt3mckn!19sChIJo2gaTR33mkcRbxhXiqu4Zu0?authuser=0,0x479af71d4d1a68a3:0xed66b8ab8a57186f,47.6636533,9.174964,Cafe Münsterhof,German restaurant,4.4,,·€20–30,"Münsterpl. 3, 78462 Konstanz, Germany",http://www.muensterhof-konstanz.de/,+49 7531 3638427,,,,"{""5"": ""684"", ""4"": ""231"", ""3"": ""61"", ""2"": ""23"", ""1"": ""53""}",[]
https://www.google.com/maps/place/Suppengr%C3%BCn+soup+%26+salad+BAR/data=!4m7!3m6!1s0x479af71e7c892717:0x3af48c31cf95a8f5!8m2!3d47.658311!4d9.1753923!16s%2Fg%2F1tf6l54_!19sChIJFyeJfB73mkcR9aiVzzGM9Do?authuser=0,0x479af71e7c892717:0x3af48c31cf95a8f5,47.658311,9.1753923,Suppengrün soup & salad BAR,Restaurant,4.5,,·€10–20,"Sigismundstraße 19, 78462 Konstanz-Altstadt, Germany",https://suppengruen-konstanz.de/,+49 7531 917100,,,,"{""5"": ""410"", ""4"": ""110"", ""3"": ""30"", ""2"": ""17"", ""1"": ""12""}",[]
https://www.google.com/maps/place/Gmeiner+-+Confiserie+%26+Konditorei/data=!4m7!3m6!1s0x479af7db8700a3b1:0x22b389d5c7f2f1a9!8m2!3d47.6603411!4d9.1744764!16s%2Fg%2F11gmxmsjpx!19sChIJsaMAh9v3mkcRqfHyx9WJsyI?authuser=0,0x479af7db8700a3b1:0x22b389d5c7f2f1a9,47.6603411,9.1744764,Gmeiner - Confiserie & Konditorei,,4.7,,,"Kanzleistraße 3, 78462 Konstanz-Altstadt, Germany",https://www.confiserie-gmeiner.com/,+49 7531 3696100,,,,"{""5"": ""114"", ""4"": ""21"", ""3"": ""1"", ""2"": ""0"", ""1"": ""4""}",[]
https://www.google.com/maps/place/Balkan+B%C3%A4ckerei+%26+Grill+-+HOTI/data=!4m7!3m6!1s0x479af70030c4c1d9:0x97478807ce67b6cb!8m2!3d47.6730701!4d9.1694346!16s%2Fg%2F11x6hxgqhc!19sChIJ2cHEMAD3mkcRy7ZnzgeIR5c?authuser=0,0x479af70030c4c1d9:0x97478807ce67b6cb,47.6730701,9.1694346,Balkan Bäckerei & Grill - HOTI,Bakery,4.6,,·€1–10,"Max-Stromeyer-Straße 1, 78467 Konstanz, Germany",,+49 176 61750839,,,,"{""5"": ""42"", ""4"": ""3"", ""3"": ""0"", ""2"": ""3"", ""1"": ""2""}",[]
https://www.google.com/maps/place/Backstube+Stickel/data=!4m7!3m6!1s0x479af7a9539b229b:0x4015b1433dbf7337!8m2!3d47.677531!4d9.1853861!16s%2Fg%2F1v6p7v4y!19sChIJmyKbU6n3mkcRN3O_PUOxFUA?authuser=0,0x479af7a9539b229b:0x4015b1433dbf7337,47.677531,9.1853861,Backstube Stickel,Bakery,4.6,,·€1–10,"Friedrichstraße 28, 78464 Konstanz, Germany",https://www.backstube-stickel.de/,+49 7531 54845,,,,"{""5"": ""199"", ""4"": ""38"", ""3"": ""12"", ""2"": ""3"", ""1"": ""8""}",[]
https://www.google.com/maps/place/Hintert%C3%BCrle/data=!4m7!3m6!1s0x479af7029f8e3cc7:0xaa11d417fa9e3510!8m2!3d47.6650307!4d9.1748773!16s%2Fg%2F1tdw705d!19sChIJxzyOnwL3mkcREDWe-hfUEao?authuser=0,0x479af7029f8e3cc7:0xaa11d417fa9e3510,47.6650307,9.1748773,Hintertürle,Gastropub,4.8,,·€10–20,"Konradigasse 3, 78462 Konstanz-Altstadt, Germany",http://www.xn--hintertrle-geb.de/,+49 7531 23953,,,,"{""5"": ""80"", ""4"": ""16"", ""3"": ""2"", ""2"": ""1"", ""1"": ""0""}",[]
https://www.google.com/maps/place/wabisabi+by+umami+-+Ramen+%26+Bowls/data=!4m7!3m6!1s0x479af7ee8c90087d:0xa9eba23d9e2b510d!8m2!3d47.6596101!4d9.175717!16s%2Fg%2F11x2_4y542!19sChIJfQiQjO73mkcRDVErnj2i66k?authuser=0,0x479af7ee8c90087d:0xa9eba23d9e2b510d,47.6596101,9.175717,wabisabi by umami - Ramen & Bowls,Restaurant,4.3,,·€20–30,"Sigismundstraße 7, 78462 Konstanz, Germany",https://www.wabisabi-konstanz.de/,+49 7531 1227617,,,,"{""5"": ""140"", ""4"": ""25"", ""3"": ""23"", ""2"": ""10"", ""1"": ""9""}",[]
https://www.google.com/maps/place/KERVAN+Imbiss+-+vegan+vegetarisch+klassisch/data=!4m7!3m6!1s0x41087a1db4185fc1:0x242c01069213d87b!8m2!3d47.6628691!4d9.1750911!16s%2Fg%2F1hc0rq1wx!19sChIJwV8YtB16CEERe9gTkgYBLCQ?authuser=0,0x41087a1db4185fc1:0x242c01069213d87b,47.6628691,9.1750911,KERVAN Imbiss - vegan vegetarisch klassisch,Fast food restaurant,4.5,,·€10–20,"Wessenbergstraße 35, 78462 Konstanz, Germany",,+49 7531 2820239,,,,"{""5"": ""559"", ""4"": ""98"", ""3"": ""38"", ""2"": ""30"", ""1"": ""35""}",[]
https://www.google.com/maps/place/Blauer+Engel+Cocktail+Bar/data=!4m7!3m6!1s0x479af702a8ed9aa5:0x9d3ecb57ace9be8d!8m2!3d47.6642094!4d9.1751511!16s%2Fg%2F11c30_mfry!19sChIJpZrtqAL3mkcRjb7prFfLPp0?authuser=0,0x479af702a8ed9aa5:0x9d3ecb57ace9be8d,47.6642094,9.1751511,Blauer Engel Cocktail Bar,Cocktail bar,4.7,,·€10–20,"Sankt-Johann-Gasse 4, 78462 Konstanz-Altstadt, Germany",https://www.blauer-engel.com/,+49 7531 3638274,,,,"{""5"": ""501"", ""4"": ""75"", ""3"": ""12"", ""2"": ""7"", ""1"": ""21""}",[]
https://www.google.com/maps/place/Latinos/data=!4m7!3m6!1s0x479af71d06a43881:0x78568e51a9efafc6!8m2!3d47.661278!4d9.1766273!16s%2Fg%2F1wk7pv6z!19sChIJgTikBh33mkcRxq_vqVGOVng?authuser=0,0x479af71d06a43881:0x78568e51a9efafc6,47.661278,9.1766273,Latinos,,3.9,,·$$,"Salmannsweilergasse 1, 78462 Konstanz-Altstadt, Germany",,+49 7531 17399,,,,"{""5"": ""199"", ""4"": ""155"", ""3"": ""81"", ""2"": ""36"", ""1"": ""28""}",[]
https://www.google.com/maps/place/Meisterb%C3%A4ckerei+Schneckenburger/data=!4m7!3m6!1s0x479af70757691299:0x74c266bb736a7668!8m2!3d47.6726738!4d9.1840675!16s%2Fg%2F1ptyzdz_d!19sChIJmRJpVwf3mkcRaHZqc7tmwnQ?authuser=0,0x479af70757691299:0x74c266bb736a7668,47.6726738,9.1840675,Meisterbäckerei Schneckenburger,Bakery,3.9,,·€1–10,"Zähringerpl. 22, 78464 Konstanz-Petershausen-Ost, Germany",http://www.meisterbaeckerei.de/,+49 7531 6984652,,,,"{""5"": ""162"", ""4"": ""106"", ""3"": ""43"", ""2"": ""23"", ""1"": ""41""}",[]
https://www.google.com/maps/place/B%C3%A4ckerei+Nestel/data=!4m7!3m6!1s0x479af701f2473e03:0x477310b62aefe825!8m2!3d47.670053!4d9.1763955!16s%2Fg%2F1thvx7gy!19sChIJAz5H8gH3mkcRJejvKrYQc0c?authuser=0,0x479af701f2473e03:0x477310b62aefe825,47.670053,9.1763955,Bäckerei Nestel,Bakery,4.0,,·€1–10,"Ebertpl. 6, 78467 Konstanz-Petershausen-West, Germany",http://www.nestel.de/,+49 7531 697755,,,,"{""5"": ""46"", ""4"": ""24"", ""3"": ""11"", ""2"": ""4"", ""1"": ""8""}",[]
https://www.google.com/maps/place/Donato+-+italienische+%26+spanische+Spezialit%C3%A4ten/data=!4m7!3m6!1s0x479af6e20b5acecf:0xf3b4de8369733699!8m2!3d47.6600646!4d9.1728031!16s%2Fg%2F1tdl52y9!19sChIJz85aC-L2mkcRmTZzaYPetPM?authuser=0,0x479af6e20b5acecf:0xf3b4de8369733699,47.6600646,9.1728031,Donato - italienische & spanische Spezialitäten,Italian restaurant,4.7,,·€10–40,"Hussenstraße 15, 78462 Konstanz-Altstadt, Germany",,+49 7531 24992,,,,"{""5"": ""175"", ""4"": ""19"", ""3"": ""3"", ""2"": ""0"", ""1"": ""7""}",[]
https://www.google.com/maps/place/Logan%27s+City/data=!4m7!3m6!1s0x479af70014d4d33b:0xf1412ad065fd912a!8m2!3d47.6575392!4d9.1723883!16s%2Fg%2F11z10l367s!19sChIJO9PUFAD3mkcRKpH9ZdAqQfE?authuser=0,0x479af70014d4d33b:0xf1412ad065fd912a,47.6575392,9.1723883,Logan's City,Irish pub,4.6,18,·€10–20,"Zogelmannstraße 2, 78462 Konstanz, Germany",https://logans-pub.de/,+49 7531 2843310,,,,"{""5"": ""15"", ""4"": ""4"", ""3"": ""1"", ""2"": ""1"", ""1"": ""0""}",[]
https://www.google.com/maps/place/Caf%C3%A9+Ar%C3%B4me/data=!4m7!3m6!1s0x479af6e271dfaae3:0xc61147fbbd796255!8m2!3d47.6604099!4d9.1726714!16s%2Fg%2F11df6sv428!19sChIJ46rfceL2mkcRVWJ5vftHEcY?authuser=0,0x479af6e271dfaae3:0xc61147fbbd796255,47.6604099,9.1726714,Café Arôme,Cafe,4.6,,·€1–10,"Hussenstraße 10, 78462 Konstanz-Altstadt, Germany",,+49 7531 2825627,,,,"{""5"": ""96"", ""4"": ""12"", ""3"": ""7"", ""2"": ""3"", ""1"": ""2""}",[]
https://www.google.com/maps/place/Coban%27s+Food+am+Zoll/data=!4m7!3m6!1s0x479af713db98b7cd:0x61115e93632ed667!8m2!3d47.6563097!4d9.1699418!16s%2Fg%2F11vll5qrqs!19sChIJzbeY2xP3mkcRZ9YuY5NeEWE?authuser=0,0x479af713db98b7cd:0x61115e93632ed667,47.6563097,9.1699418,Coban's Food am Zoll,Doner kebab restaurant,4.5,,·€10–20,"Schwedenschanze 2R, 78462 Konstanz, Germany",,+49 7531 8911611,,,,"{""5"": ""114"", ""4"": ""12"", ""3"": ""8"", ""2"": ""2"", ""1"": ""9""}",[]
https://www.google.com/maps/place/Gourmetrestaurant+OPHELIA**/data=!4m7!3m6!1s0x479af705ff82d957:0xebaa077d77cbfbaf!8m2!3d47.6673346!4d9.1878643!16s%2Fg%2F1tqnkl8x!19sChIJV9mC_wX3mkcRr_vLd30Hqus?authuser=0,0x479af705ff82d957:0xebaa077d77cbfbaf,47.6673346,9.1878643,Gourmetrestaurant OPHELIA**,Fine dining restaurant,4.7,,·€100+,"Seestraße 25, 78464 Konstanz-Petershausen-Ost, Germany",https://www.restaurant-ophelia.de/,+49 7531 363090,,,,"{""5"": ""190"", ""4"": ""12"", ""3"": ""6"", ""2"": ""3"", ""1"": ""10""}",[]
https://www.google.com/maps/place/Don+Alfredo/data=!4m7!3m6!1s0x479af71d22420713:0xbd13e775da487d0f!8m2!3d47.6622165!4d9.176397!16s%2Fg%2F1td7m8kb!19sChIJEwdCIh33mkcRD31I2nXnE70?authuser=0,0x479af71d22420713:0xbd13e775da487d0f,47.6622165,9.176397,Don Alfredo,Italian restaurant,4.5,,·€10–20,"Hofhalde 7, 78462 Konstanz-Altstadt, Germany",http://www.restaurant-donalfredo.de/,+49 7531 917622,,,,"{""5"": ""624"", ""4"": ""154"", ""3"": ""46"", ""2"": ""15"", ""1"": ""37""}",[]
https://www.google.com/maps/place/Thalia+Long+Kitchen/data=!4m7!3m6!1s0x479af7002a3f59d1:0x1c4eace2b31b3b75!8m2!3d47.6563097!4d9.1699418!16s%2Fg%2F11njqqvdcs!19sChIJ0Vk_KgD3mkcRdTsbs-KsThw?authuser=0,0x479af7002a3f59d1:0x1c4eace2b31b3b75,47.6563097,9.1699418,Thalia Long Kitchen,Thai restaurant,,,,"Schwedenschanze 2, 78462 Konstanz-Altstadt, Germany",, Send to phone,,,,"{""5"": """", ""4"": """", ""3"": """", ""2"": """", ""1"": """"}",[]
https://www.google.com/maps/place/Pizzeria+Grill+Sido/data=!4m7!3m6!1s0x479a589e76972579:0x4dc08433cdff5c7f!8m2!3d47.6748848!4d9.1576129!16s%2Fg%2F1hm2wqn5m!19sChIJeSWXdp5YmkcRf1z_zTOEwE0?authuser=0,0x479a589e76972579:0x4dc08433cdff5c7f,47.6748848,9.1576129,Pizzeria Grill Sido,Pizza Takeout,4.5,,·€10–20,"Reichenaustraße 208, 78467 Konstanz, Germany",http://www.sido-pizzeria.de/,+49 7531 2827777,,,,"{""5"": ""242"", ""4"": ""38"", ""3"": ""10"", ""2"": ""5"", ""1"": ""19""}",[]
https://www.google.com/maps/place/ASIA+Lim+delicatessen+u.+Goods/data=!4m7!3m6!1s0x479a5f6e9d04c995:0xf7d76d9df43b9560!8m2!3d47.7328614!4d9.1136345!16s%2Fg%2F1tdgj6s1!19sChIJlckEnW5fmkcRYJU79J1t1_c?authuser=0,0x479a5f6e9d04c995:0xf7d76d9df43b9560,47.7328614,9.1136345,ASIA Lim delicatessen u. Goods,,4.8,,,"Brühlstraße 13, 78465 Konstanz-Dettingen, Germany",http://asia-lim-konstanz.jimdo.com/,+49 7533 98059,,,,"{""5"": ""84"", ""4"": ""14"", ""3"": ""2"", ""2"": ""1"", ""1"": ""1""}",[]
https://www.google.com/maps/place/Restaurant+Waldhaus+Jakob/data=!4m10!3m9!1s0x479af776d862a037:0x5bc961276e974f87!5m2!4m1!1i2!8m2!3d47.6667694!4d9.2094353!16s%2Fg%2F11b6v771pl!19sChIJN6Bi2Hb3mkcRh0-XbidhyVs?authuser=0,0x479af776d862a037:0x5bc961276e974f87,47.6667694,9.2094353,Restaurant Waldhaus Jakob,,4.2,,·$$·Restaurant·,"Eichhornstraße 84, 78464 Konstanz-Petershausen-Ost, Germany",https://www.restaurant-waldhaus-jakob.de/,+49 7531 810013,,,,"{""5"": ""326"", ""4"": ""128"", ""3"": ""44"", ""2"": ""26"", ""1"": ""33""}",[]
https://www.google.com/maps/place/Domino%27s+Pizza+Konstanz/data=!4m7!3m6!1s0x479af7aa1b44a7a3:0x56d769ce50adebba!8m2!3d47.6737646!4d9.1832795!16s%2Fg%2F1tdp407m!19sChIJo6dEG6r3mkcRuuutUM5p11Y?authuser=0,0x479af7aa1b44a7a3:0x56d769ce50adebba,47.6737646,9.1832795,Domino's Pizza Konstanz,Pizza restaurant,3.8,,·€10–20,"Zähringerpl. 15, 78464 Konstanz, Germany",https://www.dominos.de/?utm_source=google&utm_medium=local&utm_campaign=yext,+49 7531 996886,,,,"{""5"": ""269"", ""4"": ""66"", ""3"": ""25"", ""2"": ""26"", ""1"": ""104""}",[]
https://www.google.com/maps/place/Stadtkind+Konstanz/data=!4m7!3m6!1s0x479af6fce5854b4d:0x58279be530000344!8m2!3d47.6655926!4d9.1710223!16s%2Fg%2F11bbwmtz6z!19sChIJTUuF5fz2mkcRRAMAMOWbJ1g?authuser=0,0x479af6fce5854b4d:0x58279be530000344,47.6655926,9.1710223,Stadtkind Konstanz,Cafe,4.5,,·€10–20,"Brauneggerstraße 31, 78462 Konstanz-Altstadt, Germany",http://www.stadtkind-konstanz.de/, Send to phone,,,,"{""5"": ""524"", ""4"": ""143"", ""3"": ""50"", ""2"": ""18"", ""1"": ""14""}",[]
https://www.google.com/maps/place/Ko%27Ono+Hotel+und+Restaurant/data=!4m10!3m9!1s0x479af6275d83a815:0x385e6e8ed4429604!5m2!4m1!1i2!8m2!3d47.7130697!4d9.1732011!16s%2Fg%2F1ttyvqd_!19sChIJFaiDXSf2mkcRBJZC1I5uXjg?authuser=0,0x479af6275d83a815:0x385e6e8ed4429604,47.7130697,9.1732011,Ko'Ono Hotel und Restaurant,,4.6,2276,,"Martin-Schleyer-Straße 19, 78465 Konstanz, Germany",http://www.koono.de/,+49 7531 361900,,,,"{""5"": ""1,629"", ""4"": ""444"", ""3"": ""116"", ""2"": ""52"", ""1"": ""38""}",[]
https://www.google.com/maps/place/Defne/data=!4m7!3m6!1s0x479af7013785efd9:0x4842ac83eeaa7501!8m2!3d47.669486!4d9.1818294!16s%2Fg%2F1tfbm8w0!19sChIJ2e-FNwH3mkcRAXWq7oOsQkg?authuser=0,0x479af7013785efd9:0x4842ac83eeaa7501,47.669486,9.1818294,Defne,Turkish restaurant,4.6,,·€10–20,"Theodor-Heuss-Straße 20, 78464 Konstanz-Petershausen-Ost, Germany",http://www.defne-kn.de/,+49 7531 61580,,,,"{""5"": ""1,029"", ""4"": ""230"", ""3"": ""50"", ""2"": ""29"", ""1"": ""52""}",[]
https://www.google.com/maps/place/Heimatliebe+Bodensee+Niederburg/data=!4m7!3m6!1s0x21bda00d3ec4b769:0xd4c586f2476eeceb!8m2!3d47.664756!4d9.1750832!16s%2Fg%2F11vf3mv3nm!19sChIJabfEPg2gvSER6-xuR_KGxdQ?authuser=0,0x21bda00d3ec4b769:0xd4c586f2476eeceb,47.664756,9.1750832,Heimatliebe Bodensee Niederburg,Bakery,4.6,1,·€1–10,"Sankt-Johann-Gasse 12, 78462 Konstanz, Germany",https://heimatliebe-bodensee.com/,+49 7531 27867,,,,"{""5"": ""16"", ""4"": ""3"", ""3"": ""3"", ""2"": ""0"", ""1"": ""0""}",[]
https://www.google.com/maps/place/Sportgastst%C3%A4tte+Waldheim/data=!4m7!3m6!1s0x479af7a0c0a3a7b9:0x3c0d6d9cee462bc5!8m2!3d47.6730053!4d9.1975523!16s%2Fg%2F1tf8619m!19sChIJuaejwKD3mkcRxStG7pxtDTw?authuser=0,0x479af7a0c0a3a7b9:0x3c0d6d9cee462bc5,47.6730053,9.1975523,Sportgaststätte Waldheim,Turkish restaurant,4.4,,·€10–20,"Salesianerweg 2, 78464 Konstanz-Allmannsdorf, Germany",https://www.instagram.com/waldheimkonstanz?igsh=MWd0bnp4anA5bnMyOA==,+49 7531 8046379,,,,"{""5"": ""128"", ""4"": ""29"", ""3"": ""16"", ""2"": ""4"", ""1"": ""9""}",[]
https://www.google.com/maps/place/Good+Rice+zum+Elefanten/data=!4m7!3m6!1s0x479af762f1dec6bf:0xe7ad36ee9a0066c1!8m2!3d47.6619383!4d9.1749865!16s%2Fg%2F1tfr94sw!19sChIJv8be8WL3mkcRwWYAmu42rec?authuser=0,0x479af762f1dec6bf:0xe7ad36ee9a0066c1,47.6619383,9.1749865,Good Rice zum Elefanten,Vietnamese restaurant,4.5,,·€20–30,"Salmannsweilergasse 34, 78462 Konstanz, Germany",http://www.goodrice-restaurant.de/,+49 7531 22164,,,,"{""5"": ""991"", ""4"": ""233"", ""3"": ""94"", ""2"": ""52"", ""1"": ""50""}",[]
https://www.google.com/maps/place/Yume+Sushi+Bar+Fine+Dining/data=!4m7!3m6!1s0x479af763a9699d31:0xa54d5faa1d288124!8m2!3d47.6591638!4d9.1722986!16s%2Fg%2F11ghzk_cgj!19sChIJMZ1pqWP3mkcRJIEoHapfTaU?authuser=0,0x479af763a9699d31:0xa54d5faa1d288124,47.6591638,9.1722986,Yume Sushi Bar Fine Dining,Sushi restaurant,4.6,,·€20–30,"Neugasse 42, 78462 Konstanz-Altstadt, Germany",https://yume-sushi.de/,+49 7531 8046826,,,,"{""5"": ""329"", ""4"": ""67"", ""3"": ""25"", ""2"": ""13"", ""1"": ""5""}",[]
https://www.google.com/maps/place/Caf%C3%A9+Bar+107/data=!4m7!3m6!1s0x479af6e27bb43a2f:0x54a1cf93b87ae83!8m2!3d47.6609395!4d9.1728345!16s%2Fg%2F11h2n6cgbq!19sChIJLzq0e-L2mkcRg66HO_kcSgU?authuser=0,0x479af6e27bb43a2f:0x54a1cf93b87ae83,47.6609395,9.1728345,Café Bar 107,Bar,4.5,,·€1–10,"Paradiesstraße 5, 78462 Konstanz, Germany",https://www.instagram.com/107_hundertsieben?igsh=MWc0bHNhdGxwZm05NQ%3D%3D&utm_source=qr, Send to phone,,,,"{""5"": ""84"", ""4"": ""15"", ""3"": ""12"", ""2"": ""0"", ""1"": ""4""}",[]
https://www.google.com/maps/place/Siddhartha/data=!4m7!3m6!1s0x479af6e27bb84769:0x1945c3ac831712ef!8m2!3d47.6609738!4d9.1727456!16s%2Fg%2F1vr3c48f!19sChIJaUe4e-L2mkcR7xIXg6zDRRk?authuser=0,0x479af6e27bb84769:0x1945c3ac831712ef,47.6609738,9.1727456,Siddhartha,Indian restaurant,4.7,,·€20–30,"Paradiesstraße 7, 78462 Konstanz, Germany",https://www.siddhartha-restaurant.de/,+49 7531 9220207,,,,"{""5"": ""1,159"", ""4"": ""180"", ""3"": ""84"", ""2"": ""5"", ""1"": ""11""}",[]
https://www.google.com/maps/place/HACI+BABA+KEBAP/data=!4m7!3m6!1s0x479af6e1d78b2803:0x95b205bc142b50dd!8m2!3d47.6571045!4d9.1719917!16s%2Fg%2F11f3d3tl_6!19sChIJAyiL1-H2mkcR3VArFLwFspU?authuser=0,0x479af6e1d78b2803:0x95b205bc142b50dd,47.6571045,9.1719917,HACI BABA KEBAP,Turkish restaurant,4.4,,·€1–10,"Kreuzlinger Str. 25, 78462 Konstanz-Altstadt, Germany",,+49 7531 3699599,,,,"{""5"": ""116"", ""4"": ""19"", ""3"": ""2"", ""2"": ""5"", ""1"": ""15""}",[]
https://www.google.com/maps/place/Asia+Wok+Konstanz/data=!4m7!3m6!1s0x479af6e04a1500ab:0x486d5083c13641da!8m2!3d47.6562644!4d9.1699151!16s%2Fg%2F11c5bjx93k!19sChIJqwAVSuD2mkcR2kE2wYNQbUg?authuser=0,0x479af6e04a1500ab:0x486d5083c13641da,47.6562644,9.1699151,Asia Wok Konstanz,Vietnamese restaurant,4.2,,·€10–20,"Schwedenschanze 2, 78462 Konstanz-Altstadt, Germany",http://asiawok-gourmet.de/,+49 7531 2844800,,,,"{""5"": ""149"", ""4"": ""42"", ""3"": ""26"", ""2"": ""11"", ""1"": ""15""}",[]
https://www.google.com/maps/place/SILO+-+Unverpackt+Laden+und+Caf%C3%A9/data=!4m7!3m6!1s0x479af7bc3687b34b:0x86da34af94d01397!8m2!3d47.6602619!4d9.1716917!16s%2Fg%2F11h6qhfnk1!19sChIJS7OHNrz3mkcRlxPQlK802oY?authuser=0,0x479af7bc3687b34b:0x86da34af94d01397,47.6602619,9.1716917,SILO - Unverpackt Laden und Café,,4.7,,,"Ob. Laube 65, 78462 Konstanz-Altstadt, Germany",http://www.silo-konstanz.de/,+49 7531 3028870,,,,"{""5"": ""76"", ""4"": ""11"", ""3"": ""1"", ""2"": ""3"", ""1"": ""1""}",[]
https://www.google.com/maps/place/S%C3%BCss+%26+Salzig+and+more/data=!4m7!3m6!1s0x479af7003384e8f9:0xdc6e13a9c4d468f6!8m2!3d47.6576594!4d9.1743286!16s%2Fg%2F11y_hj0flx!19sChIJ-eiEMwD3mkcR9mjUxKkTbtw?authuser=0,0x479af7003384e8f9:0xdc6e13a9c4d468f6,47.6576594,9.1743286,Süss & Salzig and more,Restaurant,4.8,,·€10–20,"Bodanpl. 12/A, 78462 Konstanz, Germany",,+49 7531 9217550,,,,"{""5"": ""38"", ""4"": ""4"", ""3"": ""0"", ""2"": ""1"", ""1"": ""0""}",[]
https://www.google.com/maps/place/Steg+4/data=!4m7!3m6!1s0x479af71c131e26a7:0x8733da7ebe801a21!8m2!3d47.6594344!4d9.1780365!16s%2Fg%2F1wb8sp2g!19sChIJpyYeExz3mkcRIRqAvn7aM4c?authuser=0,0x479af71c131e26a7:0x8733da7ebe801a21,47.6594344,9.1780365,Steg 4,German restaurant,4.5,,·€20–30,"Hafenstraße 8, 78462 Konstanz, Germany",http://www.steg4.de/,+49 7531 17428,,,,"{""5"": ""475"", ""4"": ""322"", ""3"": ""6"", ""2"": ""5"", ""1"": ""10""}",[]
https://www.google.com/maps/place/Il+caff%C3%A8+da+Adriano+-+Brotzeit/data=!4m7!3m6!1s0x479af6fa50617201:0xf065f8c0baeb6403!8m2!3d47.6663793!4d9.164463!16s%2Fg%2F11c6djr5sx!19sChIJAXJhUPr2mkcRA2TrusD4ZfA?authuser=0,0x479af6fa50617201:0xf065f8c0baeb6403,47.6663793,9.164463,Il caffè da Adriano - Brotzeit,Cafe,4.8,,·€1–10,"Gartenstraße 76, 78462 Konstanz, Germany",,+49 7531 2840053,,,,"{""5"": ""265"", ""4"": ""37"", ""3"": ""6"", ""2"": ""1"", ""1"": ""4""}",[]
https://www.google.com/maps/place/Wittkoop+%22Alte+Bank%22/data=!4m7!3m6!1s0x479af93062797bcf:0x597cf229ecbef2f6!8m2!3d47.6937142!4d9.2726564!16s%2Fg%2F11r9vzb3zt!19sChIJz3t5YjD5mkcR9vK-7CnyfFk?authuser=0,0x479af93062797bcf:0x597cf229ecbef2f6,47.6937142,9.2726564,"Wittkoop ""Alte Bank""",Restaurant,4.6,,·€20–30,"Schloßpl. 11, 88709 Meersburg, Germany",http://wittkoop-bodensee.de/,+49 7532 2019012,,,,"{""5"": ""475"", ""4"": ""128"", ""3"": ""49"", ""2"": ""5"", ""1"": ""9""}",[]
https://www.google.com/maps/place/MINOO+Konstanz+Restaurant+%2F+Caf%C3%A9+%2F+Bar/data=!4m7!3m6!1s0x479af7f86ab7245b:0xeca9b162be0a7f11!8m2!3d47.6586457!4d9.1729554!16s%2Fg%2F11y6d1mqqf!19sChIJWyS3avj3mkcREX8KvmKxqew?authuser=0,0x479af7f86ab7245b:0xeca9b162be0a7f11,47.6586457,9.1729554,MINOO Konstanz Restaurant / Café / Bar,Restaurant,4.8,,·€20–30,"Bruderturmgasse 3, 78462 Konstanz, Germany",https://www.minoo.de/,+49 7531 2845678,,,,"{""5"": ""620"", ""4"": ""83"", ""3"": ""10"", ""2"": ""3"", ""1"": ""1""}",[]
https://www.google.com/maps/place/Vietnam+China+Wok/data=!4m7!3m6!1s0x479af6e1eb7b9dc3:0xcd652fa1b637e032!8m2!3d47.6580427!4d9.1709043!16s%2Fg%2F1tmqqb47!19sChIJw5176-H2mkcRMuA3tqEvZc0?authuser=0,0x479af6e1eb7b9dc3:0xcd652fa1b637e032,47.6580427,9.1709043,Vietnam China Wok,Asian restaurant,4.2,,·€10–20,"Kreuzlinger Str. 5, 78462 Konstanz, Germany",http://vietnam-china-wok-konstanz.de/menu/,+49 7531 455802,,,,"{""5"": ""281"", ""4"": ""102"", ""3"": ""35"", ""2"": ""20"", ""1"": ""41""}",[]
https://www.google.com/maps/place/Heimatliebe-Bodensee+GmbH/data=!4m7!3m6!1s0x479af512ad848ee7:0x37acb11aeeeb9873!8m2!3d47.7245563!4d9.0729931!16s%2Fg%2F11kd7n1987!19sChIJ546ErRL1mkcRc5jr7hqxrDc?authuser=0,0x479af512ad848ee7:0x37acb11aeeeb9873,47.7245563,9.0729931,Heimatliebe-Bodensee GmbH,Cafe,4.6,,·€1–10,"Prof.-Maier-Leibnitz-Straße 7, 78476 Allensbach, Germany",http://www.heimatliebe-bodensee.com/,+49 7533 930918,,,,"{""5"": ""270"", ""4"": ""48"", ""3"": ""13"", ""2"": ""7"", ""1"": ""11""}",[]
https://www.google.com/maps/place/Thai+Massage+NOI/data=!4m7!3m6!1s0x479af650b21f84d3:0x2d6234805fae6aac!8m2!3d47.6794212!4d9.1677724!16s%2Fg%2F11g69xsxyr!19sChIJ04QfslD2mkcRrGquX4A0Yi0?authuser=0,0x479af650b21f84d3:0x2d6234805fae6aac,47.6794212,9.1677724,Thai Massage NOI,,4.6,,,"Wollmatinger Str. 145, 78467 Konstanz-Fürstenberg, Germany",http://www.thaimassage-noi.com/,+49 7531 9766486,,,,"{""5"": ""60"", ""4"": ""5"", ""3"": ""1"", ""2"": ""0"", ""1"": ""5""}",[]
https://www.google.com/maps/place/Paradiesb%C3%A4ckerei/data=!4m7!3m6!1s0x479af6e51a0f130f:0xc5b54aaeb02693a5!8m2!3d47.6629093!4d9.163858!16s%2Fg%2F11b7k2_p4l!19sChIJDxMPGuX2mkcRpZMmsK5KtcU?authuser=0,0x479af6e51a0f130f:0xc5b54aaeb02693a5,47.6629093,9.163858,Paradiesbäckerei,Bakery,4.4,,·€1–10,"Gottlieber Str. 42, 78462 Konstanz-Altstadt, Germany",http://www.paradies-baeckerei.de/,+49 7531 22930,,,,"{""5"": ""104"", ""4"": ""30"", ""3"": ""2"", ""2"": ""5"", ""1"": ""9""}",[]
https://www.google.com/maps/place/Stallbursche+Konstanz/data=!4m7!3m6!1s0x479af7560dcda697:0x6975c2f97937b793!8m2!3d47.6685665!4d9.1810801!16s%2Fg%2F11y824mxyr!19sChIJl6bNDVb3mkcRk7c3efnCdWk?authuser=0,0x479af7560dcda697:0x6975c2f97937b793,47.6685665,9.1810801,Stallbursche Konstanz,Restaurant,4.8,,·€20–30,"Mainaustraße 5, 78464 Konstanz, Germany",https://stallbursche-kn.de/,+49 7531 8044270,,,,"{""5"": ""692"", ""4"": ""44"", ""3"": ""22"", ""2"": ""5"", ""1"": ""15""}",[]
https://www.google.com/maps/place/Cengos+Burgershot+%28City%29/data=!4m7!3m6!1s0x479af7a0dce97a81:0x8f32d1c5e0dc1214!8m2!3d47.6571718!4d9.1740594!16s%2Fg%2F11x73zzbcm!19sChIJgXrp3KD3mkcRFBLc4MXRMo8?authuser=0,0x479af7a0dce97a81:0x8f32d1c5e0dc1214,47.6571718,9.1740594,Cengos Burgershot (City),Hamburger restaurant,5.0,,,"Hüetlinstraße 8A, 78462 Konstanz, Germany",http://www.cengosburgershot.de/,+49 7531 9181567,,,,"{""5"": ""1"", ""4"": ""0"", ""3"": ""0"", ""2"": ""0"", ""1"": ""0""}",[]
https://www.google.com/maps/place/La+Cucina/data=!4m7!3m6!1s0x479af71e44a7ce83:0x14d23e570a854dd4!8m2!3d47.6772639!4d9.1565221!16s%2Fg%2F11f771d_mr!19sChIJg86nRB73mkcR1E2FClc-0hQ?authuser=0,0x479af71e44a7ce83:0x14d23e570a854dd4,47.6772639,9.1565221,La Cucina,Italian restaurant,4.6,,·€20–30,"Max-Stromeyer-Straße 35b, 78467 Konstanz, Germany",https://www.lacucina-konstanz.de/,+49 7531 692888,,,,"{""5"": ""476"", ""4"": ""103"", ""3"": ""38"", ""2"": ""19"", ""1"": ""11""}",[]
https://www.google.com/maps/place/Pizzeria+La+Grotta/data=!4m7!3m6!1s0x479af6fd4cfb45db:0x6a86be96b07c984d!8m2!3d47.6638888!4d9.1734862!16s%2Fg%2F1vk6y5r4!19sChIJ20X7TP32mkcRTZh8sJa-hmo?authuser=0,0x479af6fd4cfb45db:0x6a86be96b07c984d,47.6638888,9.1734862,Pizzeria La Grotta,Pizza restaurant,4.7,,·€10–20,"u. Laube 33, 78462 Konstanz-Altstadt, Germany",http://www.lagrotta-konstanz.de/,+49 7531 22828,,,,"{""5"": ""752"", ""4"": ""96"", ""3"": ""26"", ""2"": ""13"", ""1"": ""12""}",[]
https://www.google.com/maps/place/Sushibar+Tatsumi/data=!4m7!3m6!1s0x479af6513272ecc3:0x979675855a0023a1!8m2!3d47.6794385!4d9.1703559!16s%2Fg%2F1v6p37v_!19sChIJw-xyMlH2mkcRoSMAWoV1lpc?authuser=0,0x479af6513272ecc3:0x979675855a0023a1,47.6794385,9.1703559,Sushibar Tatsumi,Sushi restaurant,4.6,,·€20–50,"Wollmatinger Str. 70 b, 78467 Konstanz, Germany",http://www.sushibartatsumi.de/,+49 7531 3621009,,,,"{""5"": ""1,101"", ""4"": ""132"", ""3"": ""33"", ""2"": ""22"", ""1"": ""52""}",[]
https://www.google.com/maps/place/Gastst%C3%A4tte+Ziegelhof/data=!4m7!3m6!1s0x479af6f8b9b4d75f:0x5b551f7df064c93f!8m2!3d47.672681!4d9.1700822!16s%2Fg%2F1tft_j4h!19sChIJX9e0ufj2mkcRP8lk8H0fVVs?authuser=0,0x479af6f8b9b4d75f:0x5b551f7df064c93f,47.672681,9.1700822,Gaststätte Ziegelhof,German restaurant,4.4,,·€20–30,"Gottmannpl. 1, 78467 Konstanz, Germany",https://www.ziegelhof-konstanz.de/,+49 7531 991631,,,,"{""5"": ""579"", ""4"": ""251"", ""3"": ""76"", ""2"": ""18"", ""1"": ""33""}",[]
https://www.google.com/maps/place/Filmriss+Konstanz/data=!4m7!3m6!1s0x479af73cfe2920cf:0xd4283fc85009a169!8m2!3d47.683256!4d9.1574391!16s%2Fg%2F11yhrbmszy!19sChIJzyAp_jz3mkcRaaEJUMg_KNQ?authuser=0,0x479af73cfe2920cf:0xd4283fc85009a169,47.683256,9.1574391,Filmriss Konstanz,Pub,5.0,,·€20–30,"Fürstenbergstraße 92, 78467 Konstanz, Germany",, Send to phone,,,,"{""5"": ""13"", ""4"": ""0"", ""3"": ""0"", ""2"": ""0"", ""1"": ""0""}",[]
https://www.google.com/maps/place/Backstube+Stickel/data=!4m7!3m6!1s0x479af650cf3b2f99:0xfb85673d273b1f4c!8m2!3d47.6795305!4d9.1689666!16s%2Fg%2F1tmpjh6l!19sChIJmS87z1D2mkcRTB87Jz1nhfs?authuser=0,0x479af650cf3b2f99:0xfb85673d273b1f4c,47.6795305,9.1689666,Backstube Stickel,Bakery,4.5,,·€1–10,"Wollmatinger Str. 82, 78467 Konstanz-Fürstenberg, Germany",http://www.backstube-stickel.de/,+49 7531 56580,,,,"{""5"": ""80"", ""4"": ""16"", ""3"": ""5"", ""2"": ""6"", ""1"": ""4""}",[]
https://www.google.com/maps/place/Aksoy+Pizzeria+D%C3%B6ner+Haus/data=!4m7!3m6!1s0x479af6439fb8dd15:0x7f746779386ae513!8m2!3d47.6871799!4d9.1618171!16s%2Fg%2F11c3k53dtd!19sChIJFd24n0P2mkcRE-VqOHlndH8?authuser=0,0x479af6439fb8dd15:0x7f746779386ae513,47.6871799,9.1618171,Aksoy Pizzeria Döner Haus,,4.6,,·€1–10,"Buhlenweg 34A, 78467 Konstanz, Germany",,+49 7531 4575100,,,,"{""5"": ""157"", ""4"": ""43"", ""3"": ""23"", ""2"": ""1"", ""1"": ""0""}",[]
https://www.google.com/maps/place/Bangkok/data=!4m7!3m6!1s0x479af6fcf8105cbb:0xdd8c3eee43727f65!8m2!3d47.666389!4d9.1713872!16s%2Fg%2F1tx4nb2z!19sChIJu1wQ-Pz2mkcRZX9yQ-4-jN0?authuser=0,0x479af6fcf8105cbb:0xdd8c3eee43727f65,47.666389,9.1713872,Bangkok,Thai restaurant,4.6,,·€20–30,"Brauneggerstraße 47, 78462 Konstanz-Altstadt, Germany",http://www.bangkok-konstanz.de/,+49 7531 15589,,,,"{""5"": ""287"", ""4"": ""51"", ""3"": ""17"", ""2"": ""9"", ""1"": ""11""}",[]
https://www.google.com/maps/place/Meera+Indisch-Asiatisches+Restaurant/data=!4m7!3m6!1s0x479af7bc216afac3:0x31629f8b8ae339bb!8m2!3d47.6642284!4d9.1756157!16s%2Fg%2F11v0wt77ck!19sChIJw_pqIbz3mkcRuznjioufYjE?authuser=0,0x479af7bc216afac3:0x31629f8b8ae339bb,47.6642284,9.1756157,Meera Indisch-Asiatisches Restaurant,Indian restaurant,4.5,,·€20–30,"Brückengasse 1/1 Stock, 78462 Konstanz, Germany",http://www.meera-kn.de/,+49 7531 25458,,,,"{""5"": ""159"", ""4"": ""25"", ""3"": ""6"", ""2"": ""4"", ""1"": ""11""}",[]
https://www.google.com/maps/place/Taste+of+Asia/data=!4m7!3m6!1s0x479af6ffcf551b77:0x4df8a04ee635e80!8m2!3d47.6717274!4d9.1757519!16s%2Fg%2F1pv26hv8m!19sChIJdxtVz__2mkcRgF5j7gSK3wQ?authuser=0,0x479af6ffcf551b77:0x4df8a04ee635e80,47.6717274,9.1757519,Taste of Asia,,4.5,,·$$,"Sankt-Gebhard-Straße 17+19, 78467 Konstanz, Germany",https://www.toa-kn.com/,+49 7531 3655329,,,,"{""5"": ""480"", ""4"": ""149"", ""3"": ""47"", ""2"": ""6"", ""1"": ""22""}",[]
https://www.google.com/maps/place/Kebap+Bowl/data=!4m7!3m6!1s0x479af7213a522bb7:0x167d97f041d95276!8m2!3d47.670688!4d9.1817142!16s%2Fg%2F11mdwj919j!19sChIJtytSOiH3mkcRdlLZQfCXfRY?authuser=0,0x479af7213a522bb7:0x167d97f041d95276,47.670688,9.1817142,Kebap Bowl,Doner kebab restaurant,4.7,,·€1–10,"Sankt-Gebhard-Platz 7, 78467 Konstanz, Germany",,+49 176 59130354,,,,"{""5"": ""45"", ""4"": ""0"", ""3"": ""1"", ""2"": ""0"", ""1"": ""3""}",[]
https://www.google.com/maps/place/Il+Boccone/data=!4m7!3m6!1s0x479af71e72989fd9:0x8a91733374746a2a!8m2!3d47.6583718!4d9.1731143!16s%2Fg%2F1txc5_zq!19sChIJ2Z-Ych73mkcRKmp0dDNzkYo?authuser=0,0x479af71e72989fd9:0x8a91733374746a2a,47.6583718,9.1731143,Il Boccone,Italian restaurant,4.0,,·€20–40,"Bodanstraße 20-26, 78462 Konstanz-Altstadt, Germany",http://www.ilboccone.de/,+49 7531 2846744,,,,"{""5"": ""1,805"", ""4"": ""847"", ""3"": ""330"", ""2"": ""213"", ""1"": ""315""}",[]
https://www.google.com/maps/place/Top+One+Burger+%26+Pizza/data=!4m7!3m6!1s0x479af7cb3de143ad:0xe2908b4667598b74!8m2!3d47.6781921!4d9.1502197!16s%2Fg%2F11nfm14fqg!19sChIJrUPhPcv3mkcRdItZZ0aLkOI?authuser=0,0x479af7cb3de143ad:0xe2908b4667598b74,47.6781921,9.1502197,Top One Burger & Pizza,Pizza delivery,2.8,,,"Maybachstraße 16, 78467 Konstanz, Germany",https://pizzaburgerkonstanz.de/de,+49 7531 17816,,,,"{""5"": ""30"", ""4"": ""4"", ""3"": ""2"", ""2"": ""4"", ""1"": ""36""}",[]
https://www.google.com/maps/place/Anelu+Eishandwerk/data=!4m7!3m6!1s0x479af7f7277ca593:0xa5586f5eaa90160f!8m2!3d47.6618073!4d9.1761049!16s%2Fg%2F11vyr_m5ql!19sChIJk6V8J_f3mkcRDxaQql5vWKU?authuser=0,0x479af7f7277ca593:0xa5586f5eaa90160f,47.6618073,9.1761049,Anelu Eishandwerk,Sundae restaurant,4.6,,·€1–10,"Zollernstraße 17, 78462 Konstanz, Germany",https://www.anelu-eishandwerk.de/,+49 171 3308027,,,,"{""5"": ""48"", ""4"": ""3"", ""3"": ""4"", ""2"": ""1"", ""1"": ""2""}",[]
https://www.google.com/maps/place/Hippo+Coffee/data=!4m7!3m6!1s0x479af7515ae8ac65:0x258ff8a54de95405!8m2!3d47.6591692!4d9.1721027!16s%2Fg%2F11sj0yzy6c!19sChIJZazoWlH3mkcRBVTpTaX4jyU?authuser=0,0x479af7515ae8ac65:0x258ff8a54de95405,47.6591692,9.1721027,Hippo Coffee,Cafe,4.8,,·€10–20,"Neugasse 44, 78462 Konstanz-Altstadt, Germany",https://hippocoffee.de/, Send to phone,,,,"{""5"": ""291"", ""4"": ""43"", ""3"": ""4"", ""2"": ""2"", ""1"": ""2""}",[]
https://www.google.com/maps/place/Racha+-+Thai+Take+Away/data=!4m7!3m6!1s0x479af7eca6eaab2f:0x4cfbe000a810459c!8m2!3d47.6597036!4d9.1398276!16s%2Fg%2F11kpn172yq!19sChIJL6vqpuz3mkcRnEUQqADg-0w?authuser=0,0x479af7eca6eaab2f:0x4cfbe000a810459c,47.6597036,9.1398276,Racha - Thai Take Away,Takeout Restaurant,5.0,,·CHF 10–20,"Konstanzerstrasse 58, 8274 Tägerwilen, Switzerland",https://www.racha.ch/, Send to phone,,,,"{""5"": ""29"", ""4"": ""0"", ""3"": ""0"", ""2"": ""0"", ""1"": ""0""}",[]
https://www.google.com/maps/place/Brotmanufaktur+Schneckenburger/data=!4m7!3m6!1s0x479af71e13b023b1:0x4c1bac5fc89a8b8c!8m2!3d47.6580293!4d9.1736996!16s%2Fg%2F11c4bdzzm7!19sChIJsSOwEx73mkcRjIuayF-sG0w?authuser=0,0x479af71e13b023b1:0x4c1bac5fc89a8b8c,47.6580293,9.1736996,Brotmanufaktur Schneckenburger,Bakery,3.7,,·€1–10,"Bodanstraße 15, 78462 Konstanz-Altstadt, Germany",http://meisterbaeckerei.de/,+49 7531 9171786,,,,"{""5"": ""89"", ""4"": ""53"", ""3"": ""26"", ""2"": ""12"", ""1"": ""31""}",[]
https://www.google.com/maps/place/The+Dom/data=!4m7!3m6!1s0x479af702b7e42a8b:0x69be1e62d1d76db6!8m2!3d47.6642954!4d9.1756872!16s%2Fg%2F1tgxshtm!19sChIJiyrktwL3mkcRtm3X0WIevmk?authuser=0,0x479af702b7e42a8b:0x69be1e62d1d76db6,47.6642954,9.1756872,The Dom,Mediterranean restaurant,4.7,,·€20–30,"Brückengasse 1, 78462 Konstanz, Germany",https://thedom-konstanz.de/,+49 7531 5847369,,,,"{""5"": ""731"", ""4"": ""360"", ""3"": ""3"", ""2"": ""1"", ""1"": ""3""}",[]
https://www.google.com/maps/place/DOPPIO/data=!4m7!3m6!1s0x479af7ab6e0368f1:0x5659914e61d3f7c!8m2!3d47.6647271!4d9.1761658!16s%2Fg%2F11sbc6px_2!19sChIJ8WgDbqv3mkcRfD8d5hSZZQU?authuser=0,0x479af7ab6e0368f1:0x5659914e61d3f7c,47.6647271,9.1761658,DOPPIO,Cafe,4.3,,·€1–10,"Inselgasse 18, 78462 Konstanz, Germany",http://doppio-konstanz.de/,+49 7531 7170560,,,,"{""5"": ""189"", ""4"": ""32"", ""3"": ""12"", ""2"": ""13"", ""1"": ""20""}",[]
https://www.google.com/maps/place/Akari+restaurant/data=!4m7!3m6!1s0x479af7004724fac7:0x371c6c3b177b4cb9!8m2!3d47.6735501!4d9.1513493!16s%2Fg%2F11ycyz3x8g!19sChIJx_okRwD3mkcRuUx7FztsHDc?authuser=0,0x479af7004724fac7:0x371c6c3b177b4cb9,47.6735501,9.1513493,Akari restaurant,Chinese restaurant,,,,"Rudolf-Diesel-Straße 4, 78467 Konstanz, Germany",, Send to phone,,,,"{""5"": """", ""4"": """", ""3"": """", ""2"": """", ""1"": """"}",[]
https://www.google.com/maps/place/G%C3%BCggeli+Express+-+Inh.+Alexandra+Makola/data=!4m7!3m6!1s0x479af70c1dd9a4db:0x6a8939183da5d359!8m2!3d47.6746362!4d9.170923!16s%2Fg%2F11hzlz88t5!19sChIJ26TZHQz3mkcRWdOlPRg5iWo?authuser=0,0x479af70c1dd9a4db:0x6a8939183da5d359,47.6746362,9.170923,Güggeli Express - Inh. Alexandra Makola,,4.2,,·€1–10,"Schneckenburgstraße 32, 78467 Konstanz-Petershausen-West, Germany",,+49 7531 696385,,,,"{""5"": ""32"", ""4"": ""1"", ""3"": ""1"", ""2"": ""0"", ""1"": ""8""}",[]
https://www.google.com/maps/place/Konzil/data=!4m7!3m6!1s0x479af71c8c79c3bd:0x587ab069f9d9c03a!8m2!3d47.6610004!4d9.1782673!16s%2Fg%2F1tctkrzc!19sChIJvcN5jBz3mkcROsDZ-Wmwelg?authuser=0,0x479af71c8c79c3bd:0x587ab069f9d9c03a,47.6610004,9.1782673,Konzil,German restaurant,4.2,,·€20–30,"Hafenstraße 2, 78462 Konstanz-Altstadt, Germany",http://www.konzil-konstanz.de/,+49 7531 21221,,,,"{""5"": ""1,667"", ""4"": ""810"", ""3"": ""273"", ""2"": ""142"", ""1"": ""203""}",[]
https://www.google.com/maps/place/M29+-+Restaurant+Pizza+%26+Kebab/data=!4m7!3m6!1s0x479af7ed7e79cde5:0x32a8430c91f7b540!8m2!3d47.6602134!4d9.1761943!16s%2Fg%2F11t7gzj5f3!19sChIJ5c15fu33mkcRQLX3kQxDqDI?authuser=0,0x479af7ed7e79cde5:0x32a8430c91f7b540,47.6602134,9.1761943,M29 - Restaurant Pizza & Kebab,Turkish restaurant,3.3,,·€1–10,"Marktstätte 3, 78462 Konstanz, Germany",, Send to phone,,,,"{""5"": ""94"", ""4"": ""18"", ""3"": ""8"", ""2"": ""17"", ""1"": ""67""}",[]
https://www.google.com/maps/place/Yakamoz+Turkish+Food/data=!4m7!3m6!1s0x479af7616e1dd301:0xaf681cf75b3b8e2e!8m2!3d47.671276!4d9.1710653!16s%2Fg%2F11ypc7mj9n!19sChIJAdMdbmH3mkcRLo47W_ccaK8?authuser=0,0x479af7616e1dd301:0xaf681cf75b3b8e2e,47.671276,9.1710653,Yakamoz Turkish Food,Takeout Restaurant,4.9,,·€1–10,"Reichenaustraße 30, 78467 Konstanz, Germany",http://yakamozturkishfood.de/,+49 163 8527054,,,,"{""5"": ""98"", ""4"": ""1"", ""3"": ""1"", ""2"": ""1"", ""1"": ""1""}",[]
https://www.google.com/maps/place/Ristorante+Pizzeria+Zum+R%C3%B6ssle/data=!4m7!3m6!1s0x41087a595ceefb4d:0xd74a7f8984f13fa3!8m2!3d47.6903563!4d9.146723!16s%2Fg%2F1ttpfw5q!19sChIJTfvuXFl6CEERoz_xhIl_Stc?authuser=0,0x41087a595ceefb4d:0xd74a7f8984f13fa3,47.6903563,9.146723,Ristorante Pizzeria Zum Rössle,Italian restaurant,4.3,,·€10–20,"Radolfzeller Straße 19A, 78467 Konstanz, Germany",http://ristorante-pizzeria-zum-roessle.de/,+49 7531 818191,,,,"{""5"": ""204"", ""4"": ""69"", ""3"": ""25"", ""2"": ""14"", ""1"": ""13""}",[]
https://www.google.com/maps/place/Stable/data=!4m7!3m6!1s0x479af71e61f9bb49:0xa7666b07be188a89!8m2!3d47.657755!4d9.175295!16s%2Fg%2F1tgwr717!19sChIJSbv5YR73mkcRiYoYvgdrZqc?authuser=0,0x479af71e61f9bb49:0xa7666b07be188a89,47.657755,9.175295,Stable,Irish pub,4.7,,·€10–20,"Wiesenstraße 4, 78462 Konstanz, Germany",https://stable-konstanz.de/,+49 7531 9227520,,,,"{""5"": ""984"", ""4"": ""230"", ""3"": ""49"", ""2"": ""2"", ""1"": ""0""}",[]
"https://www.google.com/maps/place/Royal,+Balkan+%26+Mediterranean+Cuisine/data=!4m7!3m6!1s0x479af7e0872c4fa5:0xa4b14d13fc2e253c!8m2!3d47.6582079!4d9.1709831!16s%2Fg%2F11ydnn8trj!19sChIJpU8sh-D3mkcRPCUu_BNNsaQ?authuser=0",0x479af7e0872c4fa5:0xa4b14d13fc2e253c,47.6582079,9.1709831,"Royal, Balkan & Mediterranean Cuisine",Mediterranean restaurant,4.9,,·€20–30,"Kreuzlinger Str. 1-3, 78462 Konstanz, Germany",https://www.royal-konstanz.de/,+49 7531 8048544,,,,"{""5"": ""162"", ""4"": ""7"", ""3"": ""3"", ""2"": ""1"", ""1"": ""0""}",[]
https://www.google.com/maps/place/Heuboden+-+Cosimo+Pezzarossa/data=!4m7!3m6!1s0x479af67361790b2b:0xf33c9d124f368085!8m2!3d47.6942333!4d9.1428444!16s%2Fg%2F1tdyzy4d!19sChIJKwt5YXP2mkcRhYA2TxKdPPM?authuser=0,0x479af67361790b2b:0xf33c9d124f368085,47.6942333,9.1428444,Heuboden - Cosimo Pezzarossa,Barbecue restaurant,4.7,,·€30–60,"Radolfzeller Straße 70, 78467 Konstanz-Wollmatingen, Germany",http://www.heuboden-kn.de/,+49 7531 78848,,,,"{""5"": ""459"", ""4"": ""117"", ""3"": ""4"", ""2"": ""1"", ""1"": ""6""}",[]
https://www.google.com/maps/place/La+Terra/data=!4m7!3m6!1s0x479af65d5754082d:0x9f766c5adcb7404b!8m2!3d47.6844342!4d9.1564844!16s%2Fg%2F1trvkdnm!19sChIJLQhUV132mkcRS0C33Fpsdp8?authuser=0,0x479af65d5754082d:0x9f766c5adcb7404b,47.6844342,9.1564844,La Terra,Italian restaurant,4.5,,·€10–20,"Fürstenbergstraße 89, 78467 Konstanz-Fürstenberg, Germany",http://www.la-terra.de/,+49 7531 78180,,,,"{""5"": ""191"", ""4"": ""59"", ""3"": ""15"", ""2"": ""6"", ""1"": ""7""}",[]
https://www.google.com/maps/place/S%C5%93ur+Patisserie/data=!4m7!3m6!1s0x479af713ce22d855:0x6f796aed5fe29a66!8m2!3d47.6631562!4d9.1701497!16s%2Fg%2F11nqpdlfp8!19sChIJVdgizhP3mkcRZpriX-1qeW8?authuser=0,0x479af713ce22d855:0x6f796aed5fe29a66,47.6631562,9.1701497,Sœur Patisserie,,5.0,,,"Brauneggerstraße 14, 78462 Konstanz, Germany",https://www.patisserie-soeur.de/?utm_source=ig&utm_medium=social&utm_content=link_in_bio&fbclid=PAdGRleASNGxNleHRuA2FlbQIxMQBzcnRjBmFwcF9pZA8xMjQwMjQ1NzQyODc0MTQAAadShpVCub5otN7WspJ-4ntsruYqS_F7oW4CzL7apPkrOkjMz79EVBqhP4jHzA_aem_MKOGzrFDWcHe6RkA3RX99w, Send to phone,,,,"{""5"": ""1"", ""4"": ""0"", ""3"": ""0"", ""2"": ""0"", ""1"": ""0""}",[]
https://www.google.com/maps/place/Roter+Gugelhan/data=!4m7!3m6!1s0x479af71d058eb6f1:0x1ec7fb1fe8709324!8m2!3d47.661523!4d9.175963!16s%2Fg%2F1tpf6317!19sChIJ8baOBR33mkcRJJNw6B_7xx4?authuser=0,0x479af71d058eb6f1:0x1ec7fb1fe8709324,47.661523,9.175963,Roter Gugelhan,Restaurant,4.4,,·€20–30,"Salmannsweilergasse 12, 78462 Konstanz, Germany",https://www.rotergugelhan.de/,+49 7531 15377,,,,"{""5"": ""890"", ""4"": ""332"", ""3"": ""88"", ""2"": ""46"", ""1"": ""57""}",[]
https://www.google.com/maps/place/Biobackst%C3%BCble+Zuck+%26+Kaun+GmbH+-+Filiale+Litzelstetten/data=!4m7!3m6!1s0x479a589d7bff4527:0xa83bcaca470da218!8m2!3d47.7136676!4d9.1752746!16s%2Fg%2F1tfkpqjh!19sChIJJ0X_e51YmkcRGKINR8rKO6g?authuser=0,0x479a589d7bff4527:0xa83bcaca470da218,47.7136676,9.1752746,Biobackstüble Zuck & Kaun GmbH - Filiale Litzelstetten,Bakery,4.5,,·€1–10,"Großherzog-Friedrich-Straße 3, 78465 Konstanz, Germany",http://www.biobodensee.net/geschaeft/biobaeckerei/backstuble-zuck-kaun/,+49 7531 943126,,,,"{""5"": ""106"", ""4"": ""23"", ""3"": ""6"", ""2"": ""6"", ""1"": ""7""}",[]
https://www.google.com/maps/place/Chu+Minh+Restaurant/data=!4m7!3m6!1s0x479af7018d89a2cb:0xdc23495d657ce041!8m2!3d47.665855!4d9.1738808!16s%2Fg%2F11y3ydxgn0!19sChIJy6KJjQH3mkcRQeB8ZV1JI9w?authuser=0,0x479af7018d89a2cb:0xdc23495d657ce041,47.665855,9.1738808,Chu Minh Restaurant,Asian restaurant,4.7,,·€30–50,"Frieda-Sigrist-Weg 1, 78462 Konstanz, Germany",https://www.chuminh-restaurant.de/,+49 7531 9325998,,,,"{""5"": ""191"", ""4"": ""18"", ""3"": ""7"", ""2"": ""5"", ""1"": ""8""}",[]
https://www.google.com/maps/place/Enis+Sporttreff+Restaurant-Pizzeria/data=!4m7!3m6!1s0x479af508e69f48a5:0x528d34702f1799b8!8m2!3d47.6884824!4d9.1299914!16s%2Fg%2F11j8j02kyp!19sChIJpUif5gj1mkcRuJkXL3A0jVI?authuser=0,0x479af508e69f48a5:0x528d34702f1799b8,47.6884824,9.1299914,Enis Sporttreff Restaurant-Pizzeria,Restaurant,4.8,,·€10–20,"Kindlebildstraße 77, 78467 Konstanz, Germany",https://www.enis-sporttreff.de/,+49 7531 8080977,,,,"{""5"": ""148"", ""4"": ""21"", ""3"": ""2"", ""2"": ""3"", ""1"": ""2""}",[]
https://www.google.com/maps/place/Hexenk%C3%BCche/data=!4m7!3m6!1s0x479af6e1fd37c187:0x69961ee0181c8149!8m2!3d47.6584601!4d9.1721965!16s%2Fg%2F1w_vm7dn!19sChIJh8E3_eH2mkcRSYEcGOAelmk?authuser=0,0x479af6e1fd37c187:0x69961ee0181c8149,47.6584601,9.1721965,Hexenküche,,4.3,,·€20–60,"Bodanstraße 30, 78462 Konstanz, Germany",http://www.hexenkueche-steakhaus.de/,+49 7531 24560,,,,"{""5"": ""893"", ""4"": ""244"", ""3"": ""85"", ""2"": ""38"", ""1"": ""93""}",[]
https://www.google.com/maps/place/Long+Food+Konstanz/data=!4m7!3m6!1s0x479af7121662be77:0x27ec3fe9503f79bd!8m2!3d47.6608798!4d9.1737408!16s%2Fg%2F11l67yxvrk!19sChIJd75iFhL3mkcRvXk_UOk_7Cc?authuser=0,0x479af7121662be77:0x27ec3fe9503f79bd,47.6608798,9.1737408,Long Food Konstanz,Asian restaurant,4.0,,·€10–20,"Obermarkt 6, 78462 Konstanz, Germany",, Send to phone,,,,"{""5"": ""64"", ""4"": ""9"", ""3"": ""8"", ""2"": ""10"", ""1"": ""13""}",[]
https://www.google.com/maps/place/Grillplatz+Wasserwerk/data=!4m7!3m6!1s0x479af79d5219c5b5:0x3f84c02daaf7ae2c!8m2!3d47.6710712!4d9.2135724!16s%2Fg%2F11c2kt2rt2!19sChIJtcUZUp33mkcRLK73qi3AhD8?authuser=0,0x479af79d5219c5b5:0x3f84c02daaf7ae2c,47.6710712,9.2135724,Grillplatz Wasserwerk,Barbecue area,4.5,,,"Seehalde 11, 78464 Konstanz-Staad, Germany",https://www.konstanz.de/leben+in+konstanz/freizeitanlagen_+spiel-+und+grillplaetze, Send to phone,,,,"{""5"": ""155"", ""4"": ""46"", ""3"": ""25"", ""2"": ""4"", ""1"": ""5""}",[]
https://www.google.com/maps/place/Sando+Asiadining+%26+Sushi/data=!4m7!3m6!1s0x479a7b849c1200bd:0x7adba91de123b87a!8m2!3d47.817987!4d8.8650263!16s%2Fg%2F11vwqxbtg3!19sChIJvQASnIR7mkcRergj4R2p23o?authuser=0,0x479a7b849c1200bd:0x7adba91de123b87a,47.817987,8.8650263,Sando Asiadining & Sushi,Restaurant,4.9,,·€20–30,"Bärenloh 3, 78269 Volkertshausen, Germany",https://sando-asiarestaurant.de/,+49 7774 922337,,,,"{""5"": ""351"", ""4"": ""30"", ""3"": ""3"", ""2"": ""4"", ""1"": ""2""}",[]
https://www.google.com/maps/place/Dates+House/data=!4m7!3m6!1s0x479af7d635fcfdff:0x69f0a70bface3b70!8m2!3d47.6620816!4d9.1758075!16s%2Fg%2F11hnx4hh4n!19sChIJ__38Ndb3mkcRcDvO-gun8Gk?authuser=0,0x479af7d635fcfdff:0x69f0a70bface3b70,47.6620816,9.1758075,Dates House,Cafe,4.9,,·€10–20,"Zollernstraße 12, 78462 Konstanz, Germany",https://www.hatamar.com/,+49 1511 1203183,,,,"{""5"": ""174"", ""4"": ""8"", ""3"": ""4"", ""2"": ""1"", ""1"": ""2""}",[]
https://www.google.com/maps/place/EVIN+-+Bagel+House/data=!4m7!3m6!1s0x479af799caf3a281:0xe083c85a5f81e28d!8m2!3d47.6792504!4d9.1689772!16s%2Fg%2F11z21df08t!19sChIJgaLzypn3mkcRjeKBX1rIg-A?authuser=0,0x479af799caf3a281:0xe083c85a5f81e28d,47.6792504,9.1689772,EVIN - Bagel House,Cafe,5.0,,·€1–10,"Wollmatinger Str. 133, 78467 Konstanz, Germany",https://www.instagram.com/evinbagelhouse/,+49 178 7119483,,,,"{""5"": ""28"", ""4"": ""1"", ""3"": ""0"", ""2"": ""0"", ""1"": ""0""}",[]
https://www.google.com/maps/place/McDonald%27s/data=!4m7!3m6!1s0x479af71c3a3bf43f:0xddf092259c9f2bb2!8m2!3d47.6595032!4d9.1768108!16s%2Fg%2F1th1t08j!19sChIJP_Q7Ohz3mkcRsiufnCWS8N0?authuser=0,0x479af71c3a3bf43f:0xddf092259c9f2bb2,47.6595032,9.1768108,McDonald's,Fast food restaurant,3.4,,·€10–20,"Bahnhofpl. 4, 78462 Konstanz-Altstadt, Germany",https://www.mcdonalds.com/de/de-de/restaurant-suche.html/l/konstanz/bahnhofplatz-4/86&cid=listing_0086,+49 7531 21911,,,,"{""5"": ""736"", ""4"": ""599"", ""3"": ""428"", ""2"": ""182"", ""1"": ""479""}",[]
https://www.google.com/maps/place/Thaiexpress/data=!4m7!3m6!1s0x479af6dbdf515793:0x88152a67dafa3754!8m2!3d47.6481433!4d9.162862!16s%2Fg%2F1tdvywcl!19sChIJk1dR39v2mkcRVDf62mcqFYg?authuser=0,0x479af6dbdf515793:0x88152a67dafa3754,47.6481433,9.162862,Thaiexpress,Thai restaurant,4.8,,·CHF 10–20,"Konstanzerstrasse 73, 8280 Kreuzlingen, Switzerland",http://thaiexpress.ch/,+41 71 544 70 44,,,,"{""5"": ""192"", ""4"": ""32"", ""3"": ""6"", ""2"": ""2"", ""1"": ""2""}",[]
https://www.google.com/maps/place/La+Piazza+Konstanz/data=!4m7!3m6!1s0x479af71c5017bc83:0x7fd6ab5f78cc4893!8m2!3d47.660716!4d9.1774491!16s%2Fg%2F1tkc5nlp!19sChIJg7wXUBz3mkcRk0jMeF-r1n8?authuser=0,0x479af71c5017bc83:0x7fd6ab5f78cc4893,47.660716,9.1774491,La Piazza Konstanz,Italian restaurant,4.6,,·€20–30,"Marktstätte 2, 78462 Konstanz-Altstadt, Germany",http://lapiazza-kn.de/,+49 7531 917927,,,,"{""5"": ""1,161"", ""4"": ""584"", ""3"": ""31"", ""2"": ""2"", ""1"": ""1""}",[]
https://www.google.com/maps/place/N+%C2%B0+eleven+-+Wine+%26+Coffee/data=!4m7!3m6!1s0x479af702a8451ef9:0xc910604cd0b7a05f!8m2!3d47.664207!4d9.174482!16s%2Fg%2F11bwqmzr2z!19sChIJ-R5FqAL3mkcRX6C30ExgEMk?authuser=0,0x479af702a8451ef9:0xc910604cd0b7a05f,47.664207,9.174482,N ° eleven - Wine & Coffee,Coffee roastery,4.8,,·$$,"Gerichtsgasse 11, 78462 Konstanz-Altstadt, Germany",http://www.no-elf.de/,+49 7531 9174637,,,,"{""5"": ""498"", ""4"": ""37"", ""3"": ""18"", ""2"": ""4"", ""1"": ""13""}",[]
https://www.google.com/maps/place/Dolce+Vita+Coffee+Shop/data=!4m7!3m6!1s0x479af71d111e267f:0x63caa933878c29fb!8m2!3d47.6619497!4d9.1758061!16s%2Fg%2F1tgx5ky5!19sChIJfyYeER33mkcR-ymMhzOpymM?authuser=0,0x479af71d111e267f:0x63caa933878c29fb,47.6619497,9.1758061,Dolce Vita Coffee Shop,Coffee store,4.7,,·€1–10,"Zollernstraße 23, 78462 Konstanz-Altstadt, Germany",https://dolcevita-coffeeshop.com/,+49 7531 914155,,,,"{""5"": ""170"", ""4"": ""22"", ""3"": ""5"", ""2"": ""3"", ""1"": ""6""}",[]
https://www.google.com/maps/place/Gaming+Arena+Konstanz/data=!4m7!3m6!1s0x479af73cc79222a1:0x16b395841278791b!8m2!3d47.6738782!4d9.1841513!16s%2Fg%2F11yq6wffmt!19sChIJoSKSxzz3mkcRG3l4EoSVsxY?authuser=0,0x479af73cc79222a1:0x16b395841278791b,47.6738782,9.1841513,Gaming Arena Konstanz,,5.0,,,"Zähringerpl. 32, 78464 Konstanz, Germany",https://gamingarena-konstanz.com/,+49 162 9638865,,,,"{""5"": ""51"", ""4"": ""0"", ""3"": ""0"", ""2"": ""0"", ""1"": ""0""}",[]
https://www.google.com/maps/place/Mozart+Bar/data=!4m7!3m6!1s0x479af746ee5aac13:0x245d2c241e72efd4!8m2!3d47.6635315!4d9.17488!16s%2Fg%2F11x1y4v_4f!19sChIJE6xa7kb3mkcR1O9yHiQsXSQ?authuser=0,0x479af746ee5aac13:0x245d2c241e72efd4,47.6635315,9.17488,Mozart Bar,Bar,5.0,,,"Katzgasse 2, 78462 Konstanz, Germany",https://sites.google.com/view/euphoria-events-bodensee/home, Send to phone,,,,"{""5"": ""1"", ""4"": ""0"", ""3"": ""0"", ""2"": ""0"", ""1"": ""0""}",[]
https://www.google.com/maps/place/Nane/data=!4m7!3m6!1s0x479af5676f479e19:0x739cb3e9827e6a26!8m2!3d47.7153478!4d9.0677446!16s%2Fg%2F1tfkv8qf!19sChIJGZ5Hb2f1mkcRJmp-gumznHM?authuser=0,0x479af5676f479e19:0x739cb3e9827e6a26,47.7153478,9.0677446,Nane,Turkish restaurant,4.4,,·€10–20,"Konstanzer Str. 7A, 78476 Allensbach, Germany",http://www.nane-restaurant.de/,+49 7533 6307,,,,"{""5"": ""257"", ""4"": ""66"", ""3"": ""10"", ""2"": ""12"", ""1"": ""21""}",[]
https://www.google.com/maps/place/Beyzade+Restaurant/data=!4m7!3m6!1s0x479af71e2318926b:0x7e7aa13555d5d6d9!8m2!3d47.657481!4d9.1728881!16s%2Fg%2F11g4csjd84!19sChIJa5IYIx73mkcR2dbVVTWhen4?authuser=0,0x479af71e2318926b:0x7e7aa13555d5d6d9,47.657481,9.1728881,Beyzade Restaurant,Restaurant,4.8,,·€20–30,"Zogelmannstraße 5, 78462 Konstanz-Altstadt, Germany",http://www.beyzade.info/,+49 7531 282941,,,,"{""5"": ""729"", ""4"": ""99"", ""3"": ""6"", ""2"": ""4"", ""1"": ""4""}",[]
https://www.google.com/maps/place/Seeb%C3%A4r+Softeis/data=!4m7!3m6!1s0x479af7c8693ee4a7:0xfa0495df9b71ed98!8m2!3d47.6606156!4d9.1786935!16s%2Fg%2F11w2n86n8l!19sChIJp-Q-acj3mkcRmO1xm9-VBPo?authuser=0,0x479af7c8693ee4a7:0xfa0495df9b71ed98,47.6606156,9.1786935,Seebär Softeis,Sundae restaurant,4.2,,·€1–10,"Hafenstraße, 78462 Konstanz, Germany",https://seebaer-konstanz.de/, Send to phone,,,,"{""5"": ""37"", ""4"": ""3"", ""3"": ""1"", ""2"": ""3"", ""1"": ""6""}",[]
https://www.google.com/maps/place/Holstein%E2%80%99s+Backhaus+%2F+Heimatliebe/data=!4m7!3m6!1s0x479af71ddce3fbfd:0xf8c352543c1cba9a!8m2!3d47.659219!4d9.1745526!16s%2Fg%2F1v1vc4t6!19sChIJ_fvj3B33mkcRmrocPFRSw_g?authuser=0,0x479af71ddce3fbfd:0xf8c352543c1cba9a,47.659219,9.1745526,Holstein’s Backhaus / Heimatliebe,Bakery,3.5,,·€1–10,"Rosgartenstraße 24, 78462 Konstanz, Germany",https://heimatliebe-bodensee.com/,+49 7531 29719,,,,"{""5"": ""48"", ""4"": ""23"", ""3"": ""11"", ""2"": ""11"", ""1"": ""27""}",[]
https://www.google.com/maps/place/Macaroni+%E2%80%93+Pizza+Pasta/data=!4m7!3m6!1s0x479af71eef14f53b:0xf5dd575b3200ad7b!8m2!3d47.6571999!4d9.1761557!16s%2Fg%2F11gcxz8pcj!19sChIJO_UU7x73mkcRe60AMltX3fU?authuser=0,0x479af71eef14f53b:0xf5dd575b3200ad7b,47.6571999,9.1761557,Macaroni – Pizza Pasta,Pizza restaurant,4.5,,·€10–20,"Bodanstraße 1, 78462 Konstanz, Germany",,+49 7531 2826706,,,,"{""5"": ""176"", ""4"": ""79"", ""3"": ""5"", ""2"": ""3"", ""1"": ""10""}",[]
https://www.google.com/maps/place/Turin%27s+Pizza/data=!4m7!3m6!1s0x479af792584fc1c5:0xb7f60c8afcad0e55!8m2!3d47.6828199!4d9.157936!16s%2Fg%2F11hdyjx_c3!19sChIJxcFPWJL3mkcRVQ6t_IoM9rc?authuser=0,0x479af792584fc1c5:0xb7f60c8afcad0e55,47.6828199,9.157936,Turin's Pizza,Pizza delivery,3.6,,·€10–20,"Fürstenbergstraße 96, 78467 Konstanz, Germany",https://turinspizza.de/,+49 7531 9599400,,,,"{""5"": ""188"", ""4"": ""13"", ""3"": ""14"", ""2"": ""15"", ""1"": ""89""}",[]
https://www.google.com/maps/place/Das+Haus+des+D%C3%B6ners+Konstanz/data=!4m7!3m6!1s0x479af79264df72c1:0xe204d98f42bf9634!8m2!3d47.6730701!4d9.1694346!16s%2Fg%2F11lzx023gn!19sChIJwXLfZJL3mkcRNJa_Qo_ZBOI?authuser=0,0x479af79264df72c1:0xe204d98f42bf9634,47.6730701,9.1694346,Das Haus des Döners Konstanz,Doner kebab restaurant,4.7,,·€10–20,"Max-Stromeyer-Straße 1, 78467 Konstanz, Germany",https://www.hausdesdoners.de/, Send to phone,,,,"{""5"": ""145"", ""4"": ""27"", ""3"": ""5"", ""2"": ""2"", ""1"": ""5""}",[]
https://www.google.com/maps/place/B%C3%A4ckerei+-+Konditorei+-+Caf%C3%A9+Nestel/data=!4m7!3m6!1s0x41087a1963471887:0xd99aadd1ccb7259c!8m2!3d47.6665577!4d9.1723721!16s%2Fg%2F12lr_zngv!19sChIJhxhHYxl6CEERnCW3zNGtmtk?authuser=0,0x41087a1963471887:0xd99aadd1ccb7259c,47.6665577,9.1723721,Bäckerei - Konditorei - Café Nestel,Bakery,3.4,,·€1–10,"Rheingutstraße 7, 78462 Konstanz-Altstadt, Germany",http://www.nestel.de/,+49 7531 284692,,,,"{""5"": ""38"", ""4"": ""21"", ""3"": ""7"", ""2"": ""7"", ""1"": ""25""}",[]
https://www.google.com/maps/place/Heimatbrezel+by+Heimatliebe/data=!4m7!3m6!1s0x479af71c90df8039:0x4c5a4fc9be970e63!8m2!3d47.672599!4d9.1830717!16s%2Fg%2F11zkmln03k!19sChIJOYDfkBz3mkcRYw6XvslPWkw?authuser=0,0x479af71c90df8039:0x4c5a4fc9be970e63,47.672599,9.1830717,Heimatbrezel by Heimatliebe,Bakery,4.4,,,"Zähringerpl. 7, 78464 Konstanz, Germany",https://www.heimatliebe-bodensee.com/,+49 7531 3628949,,,,"{""5"": ""4"", ""4"": ""0"", ""3"": ""0"", ""2"": ""1"", ""1"": ""0""}",[]
https://www.google.com/maps/place/Sol+%7C+Caffebar+%7C+Vegifood/data=!4m7!3m6!1s0x479af7022558ecd5:0x53ea371a5c19fd4!8m2!3d47.669882!4d9.175983!16s%2Fg%2F11b6z632qw!19sChIJ1exYJQL3mkcR1J_BpXGjPgU?authuser=0,0x479af7022558ecd5:0x53ea371a5c19fd4,47.669882,9.175983,Sol | Caffebar | Vegifood,Vegan restaurant,4.5,,·€10–20,"Ebertpl. 4, 78467 Konstanz-Petershausen-West, Germany",https://www.sol-konstanz.de/,+49 7531 9364990,,,,"{""5"": ""804"", ""4"": ""179"", ""3"": ""63"", ""2"": ""27"", ""1"": ""59""}",[]
https://www.google.com/maps/place/Mai+Tai/data=!4m7!3m6!1s0x479af728219f70e1:0xa64790d47318ab51!8m2!3d47.6743095!4d9.1832849!16s%2Fg%2F11rfm49gyq!19sChIJ4XCfISj3mkcRUasYc9SQR6Y?authuser=0,0x479af728219f70e1:0xa64790d47318ab51,47.6743095,9.1832849,Mai Tai,Cocktail bar,4.7,1,·€1–40,"Zähringerpl. 34, 78464 Konstanz-Petershausen-West, Germany",,+49 163 7236832,,,,"{""5"": ""32"", ""4"": ""1"", ""3"": ""1"", ""2"": ""0"", ""1"": ""2""}",[]
https://www.google.com/maps/place/Restaurant+Misoga/data=!4m7!3m6!1s0x479aa74a381e0581:0x1f27f1d07f05d301!8m2!3d47.361412!4d8.560883!16s%2Fg%2F1ptx_56kr!19sChIJgQUeOEqnmkcRAdMFf9DxJx8?authuser=0,0x479aa74a381e0581:0x1f27f1d07f05d301,47.361412,8.560883,Restaurant Misoga,Korean restaurant,4.5,,·CHF 30–70,"Drahtzugstrasse 5, 8008 Zürich, Switzerland",https://misoga.kr/de?utm_source=gbp&utm_medium=organic&utm_campaign=profile&utm_content=website,+41 44 422 99 90,,,,"{""5"": ""562"", ""4"": ""166"", ""3"": ""48"", ""2"": ""19"", ""1"": ""20""}",[]
https://www.google.com/maps/place/Pilsbar+zur+Schmiede/data=!4m7!3m6!1s0x479af71da3e1fc0b:0x46bf8d1073e61540!8m2!3d47.6608157!4d9.175079!16s%2Fg%2F11b76mh58n!19sChIJC_zhox33mkcRQBXmcxCNv0Y?authuser=0,0x479af71da3e1fc0b:0x46bf8d1073e61540,47.6608157,9.175079,Pilsbar zur Schmiede,Pub,4.7,,·€10–20,"Tirolergasse 12, 78462 Konstanz-Altstadt, Germany",,+49 7531 2842977,,,,"{""5"": ""115"", ""4"": ""27"", ""3"": ""3"", ""2"": ""0"", ""1"": ""1""}",[]
https://www.google.com/maps/place/Sila+Restaurant/data=!4m7!3m6!1s0x479af65ca42e085d:0x916e952d96481a9e!8m2!3d47.6838272!4d9.161684!16s%2Fg%2F11g8ybl32c!19sChIJXQgupFz2mkcRnhpIli2VbpE?authuser=0,0x479af65ca42e085d:0x916e952d96481a9e,47.6838272,9.161684,Sila Restaurant,Turkish restaurant,4.6,,·€10–20,"Schleyerweg 5, 78467 Konstanz-Fürstenberg, Germany",http://www.silarestaurant.de/,+49 7531 78555,,,,"{""5"": ""129"", ""4"": ""31"", ""3"": ""3"", ""2"": ""6"", ""1"": ""5""}",[]
https://www.google.com/maps/place/Strandbar+HWTG+-+Seezeit/data=!4m7!3m6!1s0x479af6fc06e8b065:0x1c6ae8c87e8ca759!8m2!3d47.6683436!4d9.1702847!16s%2Fg%2F11cm_pyb1x!19sChIJZbDoBvz2mkcRWaeMfsjoahw?authuser=0,0x479af6fc06e8b065:0x1c6ae8c87e8ca759,47.6683436,9.1702847,Strandbar HWTG - Seezeit,Bar,4.4,,·€1–10,"Webersteig 12, 78462 Konstanz-Altstadt, Germany",https://seezeit.com/essen/mensa-cafeteria-co/strandbar/, Send to phone,,,,"{""5"": ""371"", ""4"": ""157"", ""3"": ""44"", ""2"": ""8"", ""1"": ""16""}",[]
https://www.google.com/maps/place/Brasserie+Chez+L%C3%A9on/data=!4m7!3m6!1s0x479af71cfb6ac413:0x8ce9baad21666de3!8m2!3d47.6615808!4d9.1768373!16s%2Fg%2F1tfjk2v6!19sChIJE8Rq-xz3mkcR421mIa266Yw?authuser=0,0x479af71cfb6ac413:0x8ce9baad21666de3,47.6615808,9.1768373,Brasserie Chez Léon,,4.6,,·€10–30,"Zollernstraße 1, 78462 Konstanz-Altstadt, Germany",http://chezleon.de/,+49 7531 282728,,,,"{""5"": ""1,123"", ""4"": ""567"", ""3"": ""24"", ""2"": ""5"", ""1"": ""7""}",[]
https://www.google.com/maps/place/Meera/data=!4m7!3m6!1s0x479af7aeae6d7d51:0xe19b9e3a41a5c07c!8m2!3d47.678002!4d9.1855661!16s%2Fg%2F11b5pkf14z!19sChIJUX1trq73mkcRfMClQTqem-E?authuser=0,0x479af7aeae6d7d51:0xe19b9e3a41a5c07c,47.678002,9.1855661,Meera,Singaporean restaurant,4.5,,·€20–30,"Friedrichstraße 32, 78464 Konstanz, Germany",https://meera-restaurant-konstanz.de/,+49 7531 3692786,,,,"{""5"": ""547"", ""4"": ""131"", ""3"": ""37"", ""2"": ""15"", ""1"": ""24""}",[]
https://www.google.com/maps/place/Manhattan+Bar/data=!4m7!3m6!1s0x479af71d823d6bdd:0x5b3a9abbba90048d!8m2!3d47.6604025!4d9.1731057!16s%2Fg%2F1vvr55x9!19sChIJ3Ws9gh33mkcRjQSQuruaOls?authuser=0,0x479af71d823d6bdd:0x5b3a9abbba90048d,47.6604025,9.1731057,Manhattan Bar,Bar,4.4,,·€10–20,"Hussenstraße 5, 78462 Konstanz-Altstadt, Germany",,+49 7531 917555,,,,"{""5"": ""32"", ""4"": ""5"", ""3"": ""1"", ""2"": ""1"", ""1"": ""4""}",[]
https://www.google.com/maps/place/Akropolis/data=!4m7!3m6!1s0x479af6e267c99473:0xefc4757863877066!8m2!3d47.660845!4d9.172107!16s%2Fg%2F1tf_gczl!19sChIJc5TJZ-L2mkcRZnCHY3h1xO8?authuser=0,0x479af6e267c99473:0xefc4757863877066,47.660845,9.172107,Akropolis,Greek restaurant,4.5,,·€20–30,"Ob. Laube 55, 78462 Konstanz, Germany",http://akropolis4.cafelists.com/,+49 7531 21478,,,,"{""5"": ""888"", ""4"": ""270"", ""3"": ""71"", ""2"": ""29"", ""1"": ""44""}",[]
https://www.google.com/maps/place/UMee+-+Asian+Cuisine+%26+Sushi+Bar/data=!4m7!3m6!1s0x479a7dfc32d85e31:0xa6df333c9290d11!8m2!3d47.7607308!4d8.8255406!16s%2Fg%2F11y6bd_91k!19sChIJMV7YMvx9mkcREQ0pyTPzbQo?authuser=0,0x479a7dfc32d85e31:0xa6df333c9290d11,47.7607308,8.8255406,UMee - Asian Cuisine & Sushi Bar,Asian restaurant,4.8,,·€20–30,"Schaffhauser Str. 58, 78224 Singen (Hohentwiel), Germany",https://www.umee-singen.de/,+49 7731 880754,,,,"{""5"": ""228"", ""4"": ""25"", ""3"": ""2"", ""2"": ""3"", ""1"": ""1""}",[]
https://www.google.com/maps/place/B%C3%BCrgerstuben/data=!4m7!3m6!1s0x479af71c4502793d:0x8ef39f32ac611bcf!8m2!3d47.6602837!4d9.1774621!16s%2Fg%2F1thd5nj4!19sChIJPXkCRRz3mkcRzxthrDKf844?authuser=0,0x479af71c4502793d:0x8ef39f32ac611bcf,47.6602837,9.1774621,Bürgerstuben,Restaurant,4.3,,·€20–30,"Bahnhofpl. 7, 78462 Konstanz-Altstadt, Germany",http://konstanzer-buergerstuben.de/,+49 7531 24662,,,,"{""5"": ""865"", ""4"": ""445"", ""3"": ""135"", ""2"": ""42"", ""1"": ""55""}",[]
https://www.google.com/maps/place/Biobackst%C3%BCble+Zuck+%26+Kaun+GmbH+-+Filiale+Gottmannplatz/data=!4m7!3m6!1s0x479af6f8b614b5d9:0x8378523efac794ea!8m2!3d47.6727778!4d9.1705782!16s%2Fg%2F1tk_n7gm!19sChIJ2bUUtvj2mkcR6pTH-j5SeIM?authuser=0,0x479af6f8b614b5d9:0x8378523efac794ea,47.6727778,9.1705782,Biobackstüble Zuck & Kaun GmbH - Filiale Gottmannplatz,Bakery,4.4,,·€1–10,"Gottmannpl. 2, 78467 Konstanz-Petershausen-West, Germany",http://www.biobodensee.net/geschaeft/biobaeckerei/backstuble-zuck-kaun-3/,+49 7531 62362,,,,"{""5"": ""72"", ""4"": ""10"", ""3"": ""9"", ""2"": ""4"", ""1"": ""6""}",[]
https://www.google.com/maps/place/Eugens+Bio+Patisserie/data=!4m7!3m6!1s0x479af71cfff94671:0x2bddbda7e13ecd30!8m2!3d47.6610805!4d9.1764277!16s%2Fg%2F11csqc183s!19sChIJcUb5_xz3mkcRMM0-4ae93Ss?authuser=0,0x479af71cfff94671:0x2bddbda7e13ecd30,47.6610805,9.1764277,Eugens Bio Patisserie,,4.4,,,"Münzgasse 4, 78462 Konstanz, Germany",https://www.eugens.bio/,+49 7531 9411830,,,,"{""5"": ""618"", ""4"": ""186"", ""3"": ""46"", ""2"": ""31"", ""1"": ""34""}",[]
https://www.google.com/maps/place/Burgerheart+Konstanz/data=!4m7!3m6!1s0x479af7f5b3d1fe6b:0x77fa108d05be3c4e!8m2!3d47.6581325!4d9.1729667!16s%2Fg%2F11h326xqxg!19sChIJa_7Rs_X3mkcRTjy-BY0Q-nc?authuser=0,0x479af7f5b3d1fe6b:0x77fa108d05be3c4e,47.6581325,9.1729667,Burgerheart Konstanz,Hamburger restaurant,4.7,,·€10–20,"Bodanstraße 23, 78462 Konstanz-Altstadt, Germany",http://konstanz.burgerheart.com/,+49 7531 8077100,,,,"{""5"": ""1,549"", ""4"": ""472"", ""3"": ""30"", ""2"": ""14"", ""1"": ""27""}",[]
https://www.google.com/maps/place/ON+SUSHI+Lieferservice+Konstanz/data=!4m7!3m6!1s0x479af76bb4b0ac0b:0xf7c5e158039a9378!8m2!3d47.6712599!4d9.1720541!16s%2Fg%2F11ry8lg10l!19sChIJC6ywtGv3mkcReJOaA1jhxfc?authuser=0,0x479af76bb4b0ac0b:0xf7c5e158039a9378,47.6712599,9.1720541,ON SUSHI Lieferservice Konstanz,,4.1,,·€10–20,"Hindenburgstraße 2, 78467 Konstanz, Germany",https://konstanz.on-sushi.de/,+49 7531 9220907,,,,"{""5"": ""65"", ""4"": ""7"", ""3"": ""3"", ""2"": ""9"", ""1"": ""12""}",[]
https://www.google.com/maps/place/Divino+Da+Ciro/data=!4m7!3m6!1s0x479af6271300e9b5:0x8db84fd438f17a87!8m2!3d47.7124899!4d9.17347!16s%2Fg%2F1ts2z7g_!19sChIJtekAEyf2mkcRh3rxONRPuI0?authuser=0,0x479af6271300e9b5:0x8db84fd438f17a87,47.7124899,9.17347,Divino Da Ciro,Italian restaurant,4.4,,·€20–30,"Martin-Schleyer-Straße 6, 78465 Konstanz-Litzelstetten, Germany",http://www.divinodaciro.de/,+49 7531 43192,,,,"{""5"": ""293"", ""4"": ""78"", ""3"": ""24"", ""2"": ""12"", ""1"": ""25""}",[]
https://www.google.com/maps/place/Burro+Burro+Stromeyersdorf/data=!4m7!3m6!1s0x479af78bdb4bb6ef:0x2c670d7946f50c30!8m2!3d47.6737395!4d9.1521216!16s%2Fg%2F11jt3j8r9k!19sChIJ77ZL24v3mkcRMAz1RnkNZyw?authuser=0,0x479af78bdb4bb6ef:0x2c670d7946f50c30,47.6737395,9.1521216,Burro Burro Stromeyersdorf,Fast food restaurant,4.2,,·€10–20,"Rudolf-Diesel-Straße 1a, 78467 Konstanz, Germany",https://burroburro.de/konstanz-stromeyersdorf/,+49 7531 71712410,,,,"{""5"": ""203"", ""4"": ""82"", ""3"": ""47"", ""2"": ""28"", ""1"": ""5""}",[]
https://www.google.com/maps/place/Restaurant+Landhotel+Bodensee/data=!4m7!3m6!1s0x479a5f5aad84a767:0x7e615225e9703bf3!8m2!3d47.7465437!4d9.1354514!16s%2Fg%2F11t9t7_kkk!19sChIJZ6eErVpfmkcR8ztw6SVSYX4?authuser=0,0x479a5f5aad84a767:0x7e615225e9703bf3,47.7465437,9.1354514,Restaurant Landhotel Bodensee,Restaurant,4.8,,·€30–40,"Uferstraße 40, 78465 Konstanz, Germany",https://www.landhotel-bodensee.de/restaurant/, Send to phone,,,,"{""5"": ""57"", ""4"": ""8"", ""3"": ""1"", ""2"": ""0"", ""1"": ""0""}",[]
https://www.google.com/maps/place/B%C3%BCffel+Bill/data=!4m7!3m6!1s0x479a7d367da14963:0x9d8a5c95805c2b9b!8m2!3d47.6750643!4d9.1446121!16s%2Fg%2F11c53s00zx!19sChIJY0mhfTZ9mkcRmytcgJVcip0?authuser=0,0x479a7d367da14963:0x9d8a5c95805c2b9b,47.6750643,9.1446121,Büffel Bill,,4.9,,,"August-Borsig-Straße 11, 78467 Konstanz, Germany",https://bueffelbill.com/,+49 7531 9219449,,,,"{""5"": ""1,360"", ""4"": ""38"", ""3"": ""12"", ""2"": ""8"", ""1"": ""5""}",[]
https://www.google.com/maps/place/Kyoto+Sushi+%26+Wok/data=!4m7!3m6!1s0x479af7b3fea826e5:0xf267dc9a9f2df139!8m2!3d47.6760379!4d9.1485539!16s%2Fg%2F11qps4qn8_!19sChIJ5Sao_rP3mkcROfEtn5rcZ_I?authuser=0,0x479af7b3fea826e5:0xf267dc9a9f2df139,47.6760379,9.1485539,Kyoto Sushi & Wok,Restaurant,3.3,,·€10–20,"Carl-Benz-Straße 11, 78467 Konstanz, Germany",,+49 7531 4545475,,,,"{""5"": ""236"", ""4"": ""127"", ""3"": ""79"", ""2"": ""51"", ""1"": ""160""}",[]
https://www.google.com/maps/place/Shilla+Korean+Restaurant/data=!4m7!3m6!1s0x47900a3186980e7d:0x47a194fdf309f811!8m2!3d47.3819195!4d8.5339185!16s%2Fg%2F11df0z0jpk!19sChIJfQ6YhjEKkEcREfgJ8_2UoUc?authuser=0,0x47900a3186980e7d:0x47a194fdf309f811,47.3819195,8.5339185,Shilla Korean Restaurant,Korean barbecue restaurant,4.3,,·CHF 40–90,"Klingenstrasse 34, 8005 Zürich, Switzerland",https://www.shilla.ch/?utm_source=google&utm_medium=wix_google_business_profile&utm_campaign=17480687756234305707,+41 44 431 80 80,,,,"{""5"": ""581"", ""4"": ""225"", ""3"": ""93"", ""2"": ""41"", ""1"": ""36""}",[]
https://www.google.com/maps/place/Grill+%26+More+Kebap+Pizza+House+since+2010/data=!4m7!3m6!1s0x479af7a9f4275d79:0xdcaaec4a772fad6f!8m2!3d47.6738689!4d9.1840398!16s%2Fg%2F1hcb1d3sz!19sChIJeV0n9Kn3mkcRb60vd0rsqtw?authuser=0,0x479af7a9f4275d79:0xdcaaec4a772fad6f,47.6738689,9.1840398,Grill & More Kebap Pizza House since 2010,Doner kebab restaurant,4.2,,·€10–20,"Zähringerpl. 32, 78464 Konstanz, Germany",,+49 7531 3695271,,,,"{""5"": ""398"", ""4"": ""142"", ""3"": ""68"", ""2"": ""14"", ""1"": ""58""}",[]
https://www.google.com/maps/place/Le+Sud/data=!4m7!3m6!1s0x479af6e210dd1ac9:0xdb43712bd1a34ef9!8m2!3d47.659823!4d9.1718177!16s%2Fg%2F11c5s65h60!19sChIJyRrdEOL2mkcR-U6j0StxQ9s?authuser=0,0x479af6e210dd1ac9:0xdb43712bd1a34ef9,47.659823,9.1718177,Le Sud,French restaurant,4.3,,·€10–30,"Hussenstraße 28, 78462 Konstanz-Altstadt, Germany",https://www.lesud-konstanz.com/,+49 7531 917515,,,,"{""5"": ""302"", ""4"": ""115"", ""3"": ""30"", ""2"": ""25"", ""1"": ""20""}",[]
https://www.google.com/maps/place/Tgf+Pizza+Konstanz/data=!4m7!3m6!1s0x479af701f2473e03:0x8afc9f486c49f83!8m2!3d47.6699861!4d9.1762769!16s%2Fg%2F1w664cnj!19sChIJAz5H8gH3mkcRg5_EhvTJrwg?authuser=0,0x479af701f2473e03:0x8afc9f486c49f83,47.6699861,9.1762769,Tgf Pizza Konstanz,Pizza delivery,4.2,,·€10–20,"Ebertpl. 6, 78467 Konstanz, Germany",https://konstanz.tgfpizza.com/PostCode,+49 7531 996970,,,,"{""5"": ""180"", ""4"": ""34"", ""3"": ""24"", ""2"": ""13"", ""1"": ""26""}",[]
https://www.google.com/maps/place/McDonald%27s/data=!4m7!3m6!1s0x479af660066c8485:0xf1dc49b44b5c133f!8m2!3d47.6756447!4d9.1524034!16s%2Fg%2F1vmr0c12!19sChIJhYRsBmD2mkcRPxNcS7RJ3PE?authuser=0,0x479af660066c8485:0xf1dc49b44b5c133f,47.6756447,9.1524034,McDonald's,Fast food restaurant,3.8,,·€10–20,"Opelstraße 1, 78467 Konstanz, Germany",https://www.mcdonalds.com/de/de-de/restaurant-suche.html/l/konstanz/opelstrasse-1/402&cid=listing_0402,+49 7531 68463,,,,"{""5"": ""1,180"", ""4"": ""779"", ""3"": ""452"", ""2"": ""181"", ""1"": ""350""}",[]
https://www.google.com/maps/place/Rangla+Punjab+Konstanz/data=!4m7!3m6!1s0x479af73ad2596f7f:0x1f3f4fb06489973!8m2!3d47.6768023!4d9.1448146!16s%2Fg%2F11trm_66yp!19sChIJf29Z0jr3mkcRc5lIBvv08wE?authuser=0,0x479af73ad2596f7f:0x1f3f4fb06489973,47.6768023,9.1448146,Rangla Punjab Konstanz,Indian restaurant,4.7,,·€10–20,"Fritz-Arnold-Straße 7, 78467 Konstanz, Germany",https://www.rangla-punjab-konstanz.de/,+49 7531 3699591,,,,"{""5"": ""319"", ""4"": ""23"", ""3"": ""12"", ""2"": ""5"", ""1"": ""16""}",[]
https://www.google.com/maps/place/Subway/data=!4m7!3m6!1s0x479af71e86f99e5f:0xb00133a231964046!8m2!3d47.65822!4d9.17579!16s%2Fg%2F1pzykcx9y!19sChIJX575hh73mkcRRkCWMaIzAbA?authuser=0,0x479af71e86f99e5f:0xb00133a231964046,47.65822,9.17579,Subway,,3.2,,·€10–20,"Bodanstraße 10, 78462 Konstanz, Germany",https://restaurants.subway.com/de/deutschland/bw/konstanz/bodanstra%C3%9Fe-10?utm_source=yxt-goog&utm_medium=local&utm_term=acq&utm_content=42359&utm_campaign=evergreen-2020&y_source=1_MTQ5MjczNjctNzE1LWxvY2F0aW9uLndlYnNpdGU%3D,+49 7531 916169,,,,"{""5"": ""230"", ""4"": ""133"", ""3"": ""121"", ""2"": ""69"", ""1"": ""199""}",[]
https://www.google.com/maps/place/Ikrams/data=!4m7!3m6!1s0x479af70c7b8c5921:0x65620ce2adff8655!8m2!3d47.658006!4d9.176096!16s%2Fg%2F1q6jhw3mp!19sChIJIVmMewz3mkcRVYb_reIMYmU?authuser=0,0x479af70c7b8c5921:0x65620ce2adff8655,47.658006,9.176096,Ikrams,Lebanese restaurant,4.5,,·€20–30,"Bodanstraße 4, 78462 Konstanz-Altstadt, Germany",https://www.ikrams.de/,+49 7531 2843990,,,,"{""5"": ""1,862"", ""4"": ""365"", ""3"": ""115"", ""2"": ""81"", ""1"": ""117""}",[]
https://www.google.com/maps/place/Samuroll+Sushi/data=!4m7!3m6!1s0x479af7b9d60a0a3d:0xd4c28694578e5c29!8m2!3d47.68698!4d9.16184!16s%2Fg%2F11xzg5q0gt!19sChIJPQoK1rn3mkcRKVyOV5SGwtQ?authuser=0,0x479af7b9d60a0a3d:0xd4c28694578e5c29,47.68698,9.16184,Samuroll Sushi,Asian restaurant,4.7,,·€10–20,"Buhlenweg 32b, 78467 Konstanz, Germany",https://www.samuroll-sushi.de/,+49 7531 9218094,,,,"{""5"": ""77"", ""4"": ""5"", ""3"": ""1"", ""2"": ""0"", ""1"": ""5""}",[]
https://www.google.com/maps/place/Caf%C3%A9+Selma/data=!4m7!3m6!1s0x479af7a9aeb1e209:0x8415df5f148e1fb4!8m2!3d47.6842798!4d9.1930572!16s%2Fg%2F11hjmv775r!19sChIJCeKxrqn3mkcRtB-OFF_fFYQ?authuser=0,0x479af7a9aeb1e209:0x8415df5f148e1fb4,47.6842798,9.1930572,Café Selma,Cafe,4.8,,·€1–10,"Mainaustraße 185, 78464 Konstanz, Germany",https://haettelihof.de/cafe-selma,+49 7531 3616319,,,,"{""5"": ""59"", ""4"": ""3"", ""3"": ""2"", ""2"": ""0"", ""1"": ""1""}",[]
https://www.google.com/maps/place/Asia+Food-Kyoto/data=!4m7!3m6!1s0x479af661e735346b:0x90bf0f01393044ab!8m2!3d47.6760526!4d9.1486242!16s%2Fg%2F11lf6wg2qy!19sChIJazQ152H2mkcRq0QwOQEPv5A?authuser=0,0x479af661e735346b:0x90bf0f01393044ab,47.6760526,9.1486242,Asia Food-Kyoto,Restaurant,3.2,1,·€10–20,"Carl-Benz-Straße 11, 78467 Konstanz, Germany",,+49 7531 367442,,,,"{""5"": ""3"", ""4"": ""2"", ""3"": ""1"", ""2"": ""0"", ""1"": ""3""}",[]
https://www.google.com/maps/place/Meisterb%C3%A4ckerei+Schneckenburger/data=!4m7!3m6!1s0x479af7a13a4b1475:0xeb936ed04ef20288!8m2!3d47.675328!4d9.1975094!16s%2Fg%2F1tgprlgr!19sChIJdRRLOqH3mkcRiALyTtBuk-s?authuser=0,0x479af7a13a4b1475:0xeb936ed04ef20288,47.675328,9.1975094,Meisterbäckerei Schneckenburger,Bakery,4.2,,·€1–10,"Mainaustraße 79a, 78464 Konstanz-Allmannsdorf, Germany",https://www.meisterbaeckerei.de/,+49 7531 362669,,,,"{""5"": ""69"", ""4"": ""34"", ""3"": ""16"", ""2"": ""6"", ""1"": ""7""}",[]
https://www.google.com/maps/place/Logan%27s+Irish+Pub+Konstanz/data=!4m7!3m6!1s0x479af6fe3ae5b933:0xc59440aaa3c8ecf6!8m2!3d47.6702628!4d9.1754608!16s%2Fg%2F11f3zkz6tf!19sChIJM7nlOv72mkcR9uzIo6pAlMU?authuser=0,0x479af6fe3ae5b933:0xc59440aaa3c8ecf6,47.6702628,9.1754608,Logan's Irish Pub Konstanz,Irish pub,4.4,,·€20–30,"Reichenaustraße 2, 78467 Konstanz-Petershausen-West, Germany",http://www.logans-pub.de/,+49 7531 593350,,,,"{""5"": ""465"", ""4"": ""188"", ""3"": ""50"", ""2"": ""22"", ""1"": ""35""}",[]
https://www.google.com/maps/place/Martin%C2%B4s+Bar+Konstanz/data=!4m7!3m6!1s0x479af7edca98143f:0x5d1e91e852f4a99d!8m2!3d47.6667758!4d9.2094573!16s%2Fg%2F11khf9czpl!19sChIJPxSYyu33mkcRnan0UuiRHl0?authuser=0,0x479af7edca98143f:0x5d1e91e852f4a99d,47.6667758,9.2094573,Martin´s Bar Konstanz,Bar,5.0,,,"Eichhornstraße 84, 78464 Konstanz-Petershausen-Ost, Germany",,+49 176 70568358,,,,"{""5"": ""8"", ""4"": ""0"", ""3"": ""0"", ""2"": ""0"", ""1"": ""0""}",[]
"https://www.google.com/maps/place/matcho+%7C+coffee,+matcha+%26+goods./data=!4m7!3m6!1s0x479af719eb350e79:0x6ca33b2011d80ae5!8m2!3d47.6580277!4d9.1734495!16s%2Fg%2F11x7q91v30!19sChIJeQ416xn3mkcR5QrYESA7o2w?authuser=0",0x479af719eb350e79:0x6ca33b2011d80ae5,47.6580277,9.1734495,"matcho | coffee, matcha & goods.",Cafe,4.9,,·€1–10,"Bodanstraße 17, 78462 Konstanz, Germany",https://www.instagram.com/matcho.club/, Send to phone,,,,"{""5"": ""421"", ""4"": ""27"", ""3"": ""11"", ""2"": ""2"", ""1"": ""2""}",[]
https://www.google.com/maps/place/Caf%C3%A9+Fran%C3%A7ais/data=!4m7!3m6!1s0x479af706d4e06b7b:0x6df3cf2d6dfb338b!8m2!3d47.6703773!4d9.1825736!16s%2Fg%2F1yh80767k!19sChIJe2vg1Ab3mkcRizP7bS3P820?authuser=0,0x479af706d4e06b7b:0x6df3cf2d6dfb338b,47.6703773,9.1825736,Café Français,Cafe,4.8,,·€1–10,"Theodor-Heuss-Straße 34, 78467 Konstanz-Petershausen-Ost, Germany",http://cafe-francais.de/,+49 7531 57640,,,,"{""5"": ""246"", ""4"": ""28"", ""3"": ""6"", ""2"": ""1"", ""1"": ""4""}",[]
https://www.google.com/maps/place/Il+pomodoro+Konstanz/data=!4m7!3m6!1s0x479af7f4411bb47f:0x2e8ca90996a3e933!8m2!3d47.6798841!4d9.2017758!16s%2Fg%2F11v3tz8s3t!19sChIJf7QbQfT3mkcRM-mjlgmpjC4?authuser=0,0x479af7f4411bb47f:0x2e8ca90996a3e933,47.6798841,9.2017758,Il pomodoro Konstanz,Restaurant,4.9,,·€20–30,"Mainaustraße 132, 78464 Konstanz, Germany",https://www.il-pomodoro-konstanz.de/,+49 7531 3026893,,,,"{""5"": ""325"", ""4"": ""45"", ""3"": ""5"", ""2"": ""0"", ""1"": ""0""}",[]
https://www.google.com/maps/place/Urban+Bar/data=!4m7!3m6!1s0x479af79f28b8c2bd:0xda8e9ff82466b155!8m2!3d47.673708!4d9.1832693!16s%2Fg%2F11xf36x96t!19sChIJvcK4KJ_3mkcRVbFmJPifjto?authuser=0,0x479af79f28b8c2bd:0xda8e9ff82466b155,47.673708,9.1832693,Urban Bar,Bar,4.9,,·€20–30,"Zähringerpl. 15, 78464 Konstanz, Germany",https://urban-bar.de/,+49 1522 1526345,,,,"{""5"": ""29"", ""4"": ""2"", ""3"": ""0"", ""2"": ""0"", ""1"": ""0""}",[]
https://www.google.com/maps/place/Kula-Bar/data=!4m7!3m6!1s0x479af6597083a123:0x2ea4b23d767fad29!8m2!3d47.6789306!4d9.1633389!16s%2Fg%2F1v8h_df_!19sChIJI6GDcFn2mkcRKa1_dj2ypC4?authuser=0,0x479af6597083a123:0x2ea4b23d767fad29,47.6789306,9.1633389,Kula-Bar,Restaurant,4.4,,·€10–20,"Joseph-Belli-Weg 9, 78467 Konstanz, Germany",http://www.kulabar.de/,+49 7531 50514,,,,"{""5"": ""159"", ""4"": ""62"", ""3"": ""11"", ""2"": ""3"", ""1"": ""12""}",[]
https://www.google.com/maps/place/Trattoria+-+Pizzeria+Annamaria/data=!4m7!3m6!1s0x479af667f7f810ab:0x22557ebc7eadfd85!8m2!3d47.684428!4d9.1561463!16s%2Fg%2F1tdcqhcq!19sChIJqxD492f2mkcRhf2tfrx-VSI?authuser=0,0x479af667f7f810ab:0x22557ebc7eadfd85,47.684428,9.1561463,Trattoria - Pizzeria Annamaria,Italian restaurant,4.4,,·€10–20,"Fürstenbergstraße 87, 78467 Konstanz-Fürstenberg, Germany",,+49 7531 78996,,,,"{""5"": ""95"", ""4"": ""25"", ""3"": ""10"", ""2"": ""3"", ""1"": ""6""}",[]
https://www.google.com/maps/place/SABA+Deli/data=!4m7!3m6!1s0x479af779129bdd27:0xaa806713ebf6a76!8m2!3d47.6642301!4d9.1711284!16s%2Fg%2F11wp4pv4ll!19sChIJJ92bEnn3mkcRdmq_PnEGqAo?authuser=0,0x479af779129bdd27:0xaa806713ebf6a76,47.6642301,9.1711284,SABA Deli,Restaurant,4.8,,·€1–10,"Wallgutstraße 8, 78462 Konstanz, Germany",https://saba-deli.com/,+49 175 9207306,,,,"{""5"": ""412"", ""4"": ""11"", ""3"": ""5"", ""2"": ""3"", ""1"": ""17""}",[]
https://www.google.com/maps/place/Meisterb%C3%A4ckerei+Schneckenburger/data=!4m7!3m6!1s0x479af71c3e623c7d:0xb21a999437aee7bb!8m2!3d47.6593737!4d9.1773155!16s%2Fg%2F1tdx330g!19sChIJfTxiPhz3mkcRu-euN5SZGrI?authuser=0,0x479af71c3e623c7d:0xb21a999437aee7bb,47.6593737,9.1773155,Meisterbäckerei Schneckenburger,Bakery,3.4,,·€1–10,"Am Bahnhofsplatz 41, 78462 Konstanz-Altstadt, Germany",http://www.meisterbaeckerei.de/,+49 7531 2820708,,,,"{""5"": ""98"", ""4"": ""61"", ""3"": ""32"", ""2"": ""29"", ""1"": ""60""}",[]
https://www.google.com/maps/place/freshbites+and+coffee/data=!4m7!3m6!1s0x479af7ce861b7017:0xc32f6a5ddbfa2f4!8m2!3d47.673353!4d9.1734513!16s%2Fg%2F11j5nrr7t7!19sChIJF3Abhs73mkcR9KK_3aX2Mgw?authuser=0,0x479af7ce861b7017:0xc32f6a5ddbfa2f4,47.673353,9.1734513,freshbites and coffee,Restaurant,4.2,,·€10–20,"Bruder-Klaus-Straße 10a, 78467 Konstanz-Petershausen-West, Germany",http://www.freshbites-coffee.de/,+49 7531 9559011,,,,"{""5"": ""163"", ""4"": ""26"", ""3"": ""19"", ""2"": ""12"", ""1"": ""27""}",[]
https://www.google.com/maps/place/Paradiso+Eiscaf%C3%A9/data=!4m7!3m6!1s0x479af749a3f1605b:0xb6c7083f52d2ba18!8m2!3d47.6587122!4d9.1740916!16s%2Fg%2F11kj_8q_bv!19sChIJW2Dxo0n3mkcRGLrSUj8Ix7Y?authuser=0,0x479af749a3f1605b:0xb6c7083f52d2ba18,47.6587122,9.1740916,Paradiso Eiscafé,,4.9,,,"Neugasse 1, 78462 Konstanz, Germany",,+49 176 30774434,,,,"{""5"": ""306"", ""4"": ""12"", ""3"": ""7"", ""2"": ""1"", ""1"": ""2""}",[]
https://www.google.com/maps/place/Yu%C3%ADcery+Rheingarten/data=!4m7!3m6!1s0x479af78b6fd49675:0xafedb5b7f5791441!8m2!3d47.6718354!4d9.161925!16s%2Fg%2F11rtsxl8sx!19sChIJdZbUb4v3mkcRQRR59be17a8?authuser=0,0x479af78b6fd49675:0xafedb5b7f5791441,47.6718354,9.161925,Yuícery Rheingarten,,4.2,,·€10–20,"Reichenaustraße 39A, 78467 Konstanz, Germany",https://yuicery.de/,+49 7121 8933950,,,,"{""5"": ""93"", ""4"": ""20"", ""3"": ""6"", ""2"": ""6"", ""1"": ""14""}",[]
https://www.google.com/maps/place/D%C3%B6nerecke/data=!4m7!3m6!1s0x479af7a9fb9eebbd:0x6f9b9779af86325e!8m2!3d47.6731784!4d9.1841115!16s%2Fg%2F11dy_khxpz!19sChIJveue-6n3mkcRXjKGr3mXm28?authuser=0,0x479af7a9fb9eebbd:0x6f9b9779af86325e,47.6731784,9.1841115,Dönerecke,,4.3,,·€1–10,"Zähringerpl. 30, 78464 Konstanz-Petershausen-Ost, Germany",,+49 172 7092380,,,,"{""5"": ""149"", ""4"": ""32"", ""3"": ""15"", ""2"": ""14"", ""1"": ""16""}",[]
https://www.google.com/maps/place/Fischhaus+am+F%C3%A4hrhafen/data=!4m7!3m6!1s0x479af790ad424c8b:0x5793bfa177e52341!8m2!3d47.6812335!4d9.2112951!16s%2Fg%2F1tplp8qb!19sChIJi0xCrZD3mkcRQSPld6G_k1c?authuser=0,0x479af790ad424c8b:0x5793bfa177e52341,47.6812335,9.2112951,Fischhaus am Fährhafen,Seafood restaurant,4.3,,·€20–30,"William-Graf-Platz 4-6, 78464 Konstanz, Germany",http://www.fischhaus-konstanz.de/,+49 7531 8076961,,,,"{""5"": ""581"", ""4"": ""121"", ""3"": ""47"", ""2"": ""26"", ""1"": ""76""}",[]
https://www.google.com/maps/place/Da+giovanni+fast+food/data=!4m7!3m6!1s0x479af777a672753f:0xefa95b6ce9f88e5b!8m2!3d47.6786156!4d9.153011!16s%2Fg%2F11x258z7zj!19sChIJP3Vypnf3mkcRW4746Wxbqe8?authuser=0,0x479af777a672753f:0xefa95b6ce9f88e5b,47.6786156,9.153011,Da giovanni fast food,Fast food restaurant,5.0,1,,"Max-Stromeyer-Straße, 78467 Konstanz, Germany",,+49 162 5172796,,,,"{""5"": ""7"", ""4"": ""0"", ""3"": ""0"", ""2"": ""0"", ""1"": ""0""}",[]
https://www.google.com/maps/place/Kutm%C3%BChle/data=!4m7!3m6!1s0x479af71d6f0dc32b:0x55095969f62be7b8!8m2!3d47.6620039!4d9.1667421!16s%2Fg%2F1tlzz49m!19sChIJK8MNbx33mkcRuOcr9mlZCVU?authuser=0,0x479af71d6f0dc32b:0x55095969f62be7b8,47.6620039,9.1667421,Kutmühle,Bakery,4.5,,·€1–10,"Schulthaißstraße 1, 78462 Konstanz, Germany",http://www.kutmuehle.de/,+49 7531 284416,,,,"{""5"": ""124"", ""4"": ""29"", ""3"": ""18"", ""2"": ""3"", ""1"": ""6""}",[]
https://www.google.com/maps/place/Seekuh/data=!4m7!3m6!1s0x479af71ce514a7c5:0x273c5e58d2d8f8b!8m2!3d47.6618872!4d9.1771838!16s%2Fg%2F1tdvj4c5!19sChIJxacU5Rz3mkcRi48tjeXFcwI?authuser=0,0x479af71ce514a7c5:0x273c5e58d2d8f8b,47.6618872,9.1771838,Seekuh,Restaurant,4.4,,·€10–20,"Konzilstraße 1, 78462 Konstanz, Germany",http://www.seekuh.de/,+49 7531 27232,,,,"{""5"": ""286"", ""4"": ""122"", ""3"": ""33"", ""2"": ""8"", ""1"": ""12""}",[]
https://www.google.com/maps/place/Bodensee+Kebaphaus/data=!4m7!3m6!1s0x479af749a35305f9:0xf7138a81569c522c!8m2!3d47.6713085!4d9.1757618!16s%2Fg%2F11h70pr27k!19sChIJ-QVTo0n3mkcRLFKcVoGKE_c?authuser=0,0x479af749a35305f9:0xf7138a81569c522c,47.6713085,9.1757618,Bodensee Kebaphaus,,4.8,,·€1–10,"Markgrafenstraße 17, 78467 Konstanz, Germany",https://www.instagram.com/bodenseekebaphaus_petershausen?igsh=a25ibWg2cnFtZmY1&utm_source=qr,+49 7531 9361139,,,,"{""5"": ""662"", ""4"": ""152"", ""3"": ""6"", ""2"": ""5"", ""1"": ""4""}",[]
https://www.google.com/maps/place/Thang+Long/data=!4m7!3m6!1s0x479af71eef14d99d:0xfa1942a067b8eb97!8m2!3d47.6571123!4d9.176131!16s%2Fg%2F11dxc14ffs!19sChIJndkU7x73mkcRl-u4Z6BCGfo?authuser=0,0x479af71eef14d99d:0xfa1942a067b8eb97,47.6571123,9.176131,Thang Long,Vietnamese restaurant,4.2,,·€10–20,"Bodanstraße 1, 78462 Konstanz-Altstadt, Germany",https://speisekarteninfo.de/restaurant.php?id=209,+49 7531 282672,,,,"{""5"": ""72"", ""4"": ""33"", ""3"": ""3"", ""2"": ""1"", ""1"": ""13""}",[]
https://www.google.com/maps/place/Cotidiano+Lago/data=!4m7!3m6!1s0x479af721d21c7a69:0x16795858f43c6ed9!8m2!3d47.657482!4d9.1760513!16s%2Fg%2F11vwjtsnfx!19sChIJaXoc0iH3mkcR2W489FhYeRY?authuser=0,0x479af721d21c7a69:0x16795858f43c6ed9,47.657482,9.1760513,Cotidiano Lago,Restaurant,4.2,,·€10–20,"Bodanstraße 1, 78462 Konstanz, Germany",https://www.cotidiano.de/konstanz-lago,+49 7531 3027534,,,,"{""5"": ""128"", ""4"": ""29"", ""3"": ""5"", ""2"": ""12"", ""1"": ""18""}",[]
https://www.google.com/maps/place/Asia+Town/data=!4m7!3m6!1s0x479af71e6ef3e863:0x80ee55730c51aab4!8m2!3d47.657851!4d9.174058!16s%2Fg%2F1tfrl9dd!19sChIJY-jzbh73mkcRtKpRDHNV7oA?authuser=0,0x479af71e6ef3e863:0x80ee55730c51aab4,47.657851,9.174058,Asia Town,Buffet restaurant,4.6,,·€20–30,"Bodanpl. 4, 78462 Konstanz-Altstadt, Germany",https://asiatown-konstanz.de/,+49 7531 29832,,,,"{""5"": ""1,015"", ""4"": ""354"", ""3"": ""11"", ""2"": ""7"", ""1"": ""29""}",[]
https://www.google.com/maps/place/Caf%C3%A9+S%C3%BCss+%26+Salzig/data=!4m7!3m6!1s0x479af7d18e8a4fa5:0xfbe9644cab89ec2d!8m2!3d47.6578265!4d9.1710886!16s%2Fg%2F11y50k3krj!19sChIJpU-KjtH3mkcRLeyJq0xk6fs?authuser=0,0x479af7d18e8a4fa5:0xfbe9644cab89ec2d,47.6578265,9.1710886,Café Süss & Salzig,Cafe,4.7,,·€10–20,"Kreuzlinger Str. 11, 78462 Konstanz, Germany",http://suscafe.de/,+49 7531 9219076,,,,"{""5"": ""169"", ""4"": ""16"", ""3"": ""7"", ""2"": ""2"", ""1"": ""4""}",[]
https://www.google.com/maps/place/Backhaus+Mahl+GmbH+%26+Co.+KG/data=!4m7!3m6!1s0x479af73368c77821:0x8113bb881737970f!8m2!3d47.6660947!4d9.1730459!16s%2Fg%2F11k3z8n0vq!19sChIJIXjHaDP3mkcRD5c3F4i7E4E?authuser=0,0x479af73368c77821:0x8113bb881737970f,47.6660947,9.1730459,Backhaus Mahl GmbH & Co. KG,Bakery,4.1,,·€1–10,"Frieda-Sigrist-Weg 17, 78462 Konstanz, Germany",http://www.backhausmahl.de/,+49 7531 1226901,,,,"{""5"": ""156"", ""4"": ""42"", ""3"": ""26"", ""2"": ""12"", ""1"": ""23""}",[]
https://www.google.com/maps/place/La+Bella+Napoli/data=!4m7!3m6!1s0x479a5f10c59fab89:0x42ff728ecae6fb1!8m2!3d47.7375428!4d9.1199859!16s%2Fg%2F11z676g282!19sChIJiaufxRBfmkcRsW-u7Cj3LwQ?authuser=0,0x479a5f10c59fab89:0x42ff728ecae6fb1,47.7375428,9.1199859,La Bella Napoli,Restaurant,4.7,,·€10–30,"Moosweg 15, 78465 Konstanz, Germany",,+49 7533 2599,,,,"{""5"": ""21"", ""4"": ""1"", ""3"": ""3"", ""2"": ""0"", ""1"": ""0""}",[]
https://www.google.com/maps/place/Eisdiele+Pampanin/data=!4m7!3m6!1s0x479af7012a331143:0xffc63bb78eabb82d!8m2!3d47.6704464!4d9.1821966!16s%2Fg%2F11btlskr6p!19sChIJQxEzKgH3mkcRLbirjrc7xv8?authuser=0,0x479af7012a331143:0xffc63bb78eabb82d,47.6704464,9.1821966,Eisdiele Pampanin,,4.7,,·$,"Theodor-Heuss-Straße 33, 78467 Konstanz-Petershausen-West, Germany",https://www.eisdiele-pampanin.de/,+49 7531 62451,,,,"{""5"": ""1,157"", ""4"": ""172"", ""3"": ""36"", ""2"": ""12"", ""1"": ""46""}",[]
https://www.google.com/maps/place/Heiopei+-+Pieshop+%26+Caf%C3%A9/data=!4m7!3m6!1s0x479af7006b569d35:0x964dda5828d04813!8m2!3d47.6709064!4d9.1812006!16s%2Fg%2F11y79_tv3_!19sChIJNZ1WawD3mkcRE0jQKFjaTZY?authuser=0,0x479af7006b569d35:0x964dda5828d04813,47.6709064,9.1812006,Heiopei - Pieshop & Café,Cafe,5.0,,·€10–20,"Moltkestraße 3, 78467 Konstanz, Germany",https://www.instagram.com/heiopei_2024,+49 7531 3696441,,,,"{""5"": ""122"", ""4"": ""1"", ""3"": ""1"", ""2"": ""0"", ""1"": ""0""}",[]
https://www.google.com/maps/place/HIGH+5/data=!4m7!3m6!1s0x479af6588cbe260d:0x4d692b1c5a21306!8m2!3d47.6758625!4d9.1621753!16s%2Fg%2F11clvx9g_5!19sChIJDSa-jFj2mkcRBhOixbGS1gQ?authuser=0,0x479af6588cbe260d:0x4d692b1c5a21306,47.6758625,9.1621753,HIGH 5,Cocktail bar,4.9,,·€10–20,"Max-Stromeyer-Straße 126, 78467 Konstanz, Germany",http://www.high5-bar.de/,+49 160 5123997,,,,"{""5"": ""126"", ""4"": ""15"", ""3"": ""1"", ""2"": ""0"", ""1"": ""0""}",[]
https://www.google.com/maps/place/Pano/data=!4m7!3m6!1s0x479af71c4e31ed17:0x7fffcbde4b4883df!8m2!3d47.6605782!4d9.1768358!16s%2Fg%2F1263g1hgb!19sChIJF-0xThz3mkcR34NIS97L_38?authuser=0,0x479af71c4e31ed17:0x7fffcbde4b4883df,47.6605782,9.1768358,Pano,Coffee shop,4.1,,·€10–20,"Marktstätte 6, 78462 Konstanz-Altstadt, Germany",http://www.pano.coop/,+49 7531 3652555,,,,"{""5"": ""1,766"", ""4"": ""910"", ""3"": ""357"", ""2"": ""232"", ""1"": ""212""}",[]
https://www.google.com/maps/place/Papageno/data=!4m7!3m6!1s0x479af7f8e760e93d:0x9e9133314a75aaac!8m2!3d47.6613803!4d9.1724595!16s%2Fg%2F11xm23bf00!19sChIJPelg5_j3mkcRrKp1SjEzkZ4?authuser=0,0x479af7f8e760e93d:0x9e9133314a75aaac,47.6613803,9.1724595,Papageno,Fine dining restaurant,4.6,,·€100+,"u. Laube 47, 78462 Konstanz, Germany",https://www.restaurant-papageno.net/,+49 7531 368660,,,,"{""5"": ""34"", ""4"": ""3"", ""3"": ""2"", ""2"": ""2"", ""1"": ""1""}",[]
https://www.google.com/maps/place/Heimatliebe+Bodensee/data=!4m7!3m6!1s0x479af71b74897209:0x325d75fb15d3a67b!8m2!3d47.6717174!4d9.1783898!16s%2Fg%2F11vf1b8t92!19sChIJCXKJdBv3mkcRe6bTFft1XTI?authuser=0,0x479af71b74897209:0x325d75fb15d3a67b,47.6717174,9.1783898,Heimatliebe Bodensee,Bakery,4.5,,·€1–10,"Von-Emmich-Straße 2, 78467 Konstanz, Germany",http://www.heimatliebe-bodensee.com/,+49 7531 361130,,,,"{""5"": ""91"", ""4"": ""17"", ""3"": ""5"", ""2"": ""8"", ""1"": ""3""}",[]
https://www.google.com/maps/place/Oshiki+Sushi/data=!4m7!3m6!1s0x479af7f33e63dcb1:0x2cb85af4be5df57!8m2!3d47.6605917!4d9.1740185!16s%2Fg%2F11kpnbkqh0!19sChIJsdxjPvP3mkcRV9_lS6-FywI?authuser=0,0x479af7f33e63dcb1:0x2cb85af4be5df57,47.6605917,9.1740185,Oshiki Sushi,Sushi restaurant,4.6,,·€20–30,"Kanzleistraße 18, 78462 Konstanz, Germany",https://www.oshiki-sushi-konstanz.de/,+49 7531 9592740,,,,"{""5"": ""526"", ""4"": ""95"", ""3"": ""30"", ""2"": ""39"", ""1"": ""10""}",[]
https://www.google.com/maps/place/Nordsee/data=!4m7!3m6!1s0x479af71dbff5acbd:0xea7c935f4aeec5!8m2!3d47.6600009!4d9.1745857!16s%2Fg%2F1tscmzjr!19sChIJvaz1vx33mkcRxe5KX5N86gA?authuser=0,0x479af71dbff5acbd:0xea7c935f4aeec5,47.6600009,9.1745857,Nordsee,Fish restaurant,3.7,,·€10–20,"Rosgartenstraße 8, 78462 Konstanz, Germany",https://www.nordsee.com/de/,+49 7531 282184,,,,"{""5"": ""352"", ""4"": ""270"", ""3"": ""152"", ""2"": ""66"", ""1"": ""136""}",[]
https://www.google.com/maps/place/Gasthaus+Anker/data=!4m7!3m6!1s0x479a58ceb41f9a4d:0x9b6bdf4b823d0db9!8m2!3d47.74026!4d9.156927!16s%2Fg%2F1tf4737_!19sChIJTZoftM5YmkcRuQ09gkvfa5s?authuser=0,0x479a58ceb41f9a4d:0x9b6bdf4b823d0db9,47.74026,9.156927,Gasthaus Anker,,4.2,161,,"Zur Schiffslände 5, 78465 Konstanz-Dingelsdorf, Germany",https://ankerdingelsdorf.de/,+49 7533 6220,,,,"{""5"": ""90"", ""4"": ""40"", ""3"": ""15"", ""2"": ""7"", ""1"": ""12""}",[]
https://www.google.com/maps/place/Einstein+Bar+Konstanz/data=!4m7!3m6!1s0x479af72ed0588b31:0x46fb6fcdddec106f!8m2!3d47.6599556!4d9.1728356!16s%2Fg%2F11fpgb2_4k!19sChIJMYtY0C73mkcRbxDs3c1v-0Y?authuser=0,0x479af72ed0588b31:0x46fb6fcdddec106f,47.6599556,9.1728356,Einstein Bar Konstanz,Bar,4.4,,·€10–20,"Hussenstraße 17, 78462 Konstanz-Altstadt, Germany",https://www.konstanz-info.com/gastronomie/einstein-bar-konstanz-e0c81b8028,+49 178 6313977,,,,"{""5"": ""141"", ""4"": ""34"", ""3"": ""7"", ""2"": ""3"", ""1"": ""13""}",[]
https://www.google.com/maps/place/Tolle+Knolle/data=!4m7!3m6!1s0x479af71e6637f86b:0x2ede5b4c562275d7!8m2!3d47.6574906!4d9.1747484!16s%2Fg%2F1tx45_wz!19sChIJa_g3Zh73mkcR13UiVkxb3i4?authuser=0,0x479af71e6637f86b:0x2ede5b4c562275d7,47.6574906,9.1747484,Tolle Knolle,Restaurant,4.4,,·€20–30,"Bodanpl. 9, 78462 Konstanz, Germany",http://www.knollekonstanz.de/,+49 7531 17575,,,,"{""5"": ""2,057"", ""4"": ""820"", ""3"": ""204"", ""2"": ""72"", ""1"": ""133""}",[]
https://www.google.com/maps/place/Meisterb%C3%A4ckerei+Schneckenburger/data=!4m7!3m6!1s0x479af7f8ac0e7b41:0x5cf7f393239f1f56!8m2!3d47.6766128!4d9.1585235!16s%2Fg%2F11hdpc1y3s!19sChIJQXsOrPj3mkcRVh-fI5Pz91w?authuser=0,0x479af7f8ac0e7b41:0x5cf7f393239f1f56,47.6766128,9.1585235,Meisterbäckerei Schneckenburger,Bakery,3.2,,·€1–10,"Max-Stromeyer-Straße 33, 78467 Konstanz, Germany",http://www.meisterbaeckerei.de/,+49 7531 9283387,,,,"{""5"": ""82"", ""4"": ""36"", ""3"": ""20"", ""2"": ""20"", ""1"": ""69""}",[]
https://www.google.com/maps/place/Restaurant+Zeugma/data=!4m7!3m6!1s0x479af77d4ca03b9b:0xe83082519e842d21!8m2!3d47.6563294!4d9.1728305!16s%2Fg%2F11y82c5_yh!19sChIJmzugTH33mkcRIS2EnlGCMOg?authuser=0,0x479af77d4ca03b9b:0xe83082519e842d21,47.6563294,9.1728305,Restaurant Zeugma,Restaurant,4.8,,·€20–30,"Hüetlinstraße 39, 78462 Konstanz, Germany",http://zeugmakonstanz.de/,+49 7531 27350,,,,"{""5"": ""350"", ""4"": ""15"", ""3"": ""11"", ""2"": ""2"", ""1"": ""13""}",[]
https://www.google.com/maps/place/Thanh+Long+Kitchen+-+Restaurant/data=!4m7!3m6!1s0x479af76fd67ed4ad:0x431b02333a5514f0!8m2!3d47.6563097!4d9.1699418!16s%2Fg%2F11x_fgz487!19sChIJrdR-1m_3mkcR8BRVOjMCG0M?authuser=0,0x479af76fd67ed4ad:0x431b02333a5514f0,47.6563097,9.1699418,Thanh Long Kitchen - Restaurant,Vietnamese restaurant,4.9,,·€10–20,"Schwedenschanze 2, 78462 Konstanz, Germany",https://thanhlongkitchen.de/,+49 7531 8024743,,,,"{""5"": ""126"", ""4"": ""3"", ""3"": ""2"", ""2"": ""1"", ""1"": ""0""}",[]
https://www.google.com/maps/place/Okims/data=!4m7!3m6!1s0x479b125f1e4d5353:0xedc51cb382af0c9d!8m2!3d47.4869393!4d9.7096995!16s%2Fg%2F1tfphsq1!19sChIJU1NNHl8Sm0cRnQyvgrMcxe0?authuser=0,0x479b125f1e4d5353:0xedc51cb382af0c9d,47.4869393,9.7096995,Okims,Korean restaurant,4.5,,·€30–40,"Hofsteigstraße 122a, 6971 Hard, Austria",https://www.okims.at/,+43 5574 73630,,,,"{""5"": ""615"", ""4"": ""90"", ""3"": ""33"", ""2"": ""20"", ""1"": ""41""}",[]
https://www.google.com/maps/place/Zabele/data=!4m7!3m6!1s0x479af6e191f78575:0xbe4c3289073bd674!8m2!3d47.6584337!4d9.1705702!16s%2Fg%2F11c48jm8yr!19sChIJdYX3keH2mkcRdNY7B4kyTL4?authuser=0,0x479af6e191f78575:0xbe4c3289073bd674,47.6584337,9.1705702,Zabele,Thai restaurant,4.2,,·€10–20,"Ob. Laube 68, 78462 Konstanz, Germany",https://www.zabele-konstanz.de/,+49 7531 918398,,,,"{""5"": ""175"", ""4"": ""54"", ""3"": ""18"", ""2"": ""16"", ""1"": ""23""}",[]
https://www.google.com/maps/place/Wessenberg+Cafe+Restaurant+Bar/data=!4m7!3m6!1s0x479af71d4f059a39:0x214b396e16f49c7d!8m2!3d47.6632271!4d9.1750698!16s%2Fg%2F12j21jqd2!19sChIJOZoFTx33mkcRfZz0Fm45SyE?authuser=0,0x479af71d4f059a39:0x214b396e16f49c7d,47.6632271,9.1750698,Wessenberg Cafe Restaurant Bar,German restaurant,4.3,,·€10–30,"Wessenbergstraße 41, 78462 Konstanz-Altstadt, Germany",http://www.wessenberg.eu/,+49 7531 919664,,,,"{""5"": ""742"", ""4"": ""317"", ""3"": ""84"", ""2"": ""43"", ""1"": ""49""}",[]
https://www.google.com/maps/place/Bisou+Cake+Studio/data=!4m7!3m6!1s0x479af7667d12a39b:0x407f377aede19e90!8m2!3d47.6829313!4d9.1603197!16s%2Fg%2F11xlldg4s0!19sChIJm6MSfWb3mkcRkJ7h7Xo3f0A?authuser=0,0x479af7667d12a39b:0x407f377aede19e90,47.6829313,9.1603197,Bisou Cake Studio,,5.0,,,"Haidelmoosweg 25A, 78467 Konstanz, Germany",https://bisou-cakestudio.com/,+49 1514 2497344,,,,"{""5"": ""33"", ""4"": ""0"", ""3"": ""0"", ""2"": ""0"", ""1"": ""0""}",[]
https://www.google.com/maps/place/Gladina+Caf%C3%A9+%26+Eisdiele/data=!4m7!3m6!1s0x479af6e18a6a56a9:0xe5c13070f2360ea6!8m2!3d47.6589959!4d9.1708748!16s%2Fg%2F11c1xfx05c!19sChIJqVZqiuH2mkcRpg428nAwweU?authuser=0,0x479af6e18a6a56a9:0xe5c13070f2360ea6,47.6589959,9.1708748,Gladina Café & Eisdiele,Cafe,4.2,,·€1–10,"Hussenstraße 62, 78462 Konstanz-Altstadt, Germany",http://gladina.de/,+49 7531 9173040,,,,"{""5"": ""324"", ""4"": ""89"", ""3"": ""45"", ""2"": ""14"", ""1"": ""44""}",[]
https://www.google.com/maps/place/La+Fortuna/data=!4m7!3m6!1s0x479af7000f4ec8f3:0x9300e9868b1b8d9d!8m2!3d47.6672271!4d9.1867107!16s%2Fg%2F11z7llj93s!19sChIJ88hODwD3mkcRnY0bi4bpAJM?authuser=0,0x479af7000f4ec8f3:0x9300e9868b1b8d9d,47.6672271,9.1867107,La Fortuna,Italian restaurant,4.3,,·€20–50,"Seestraße 21, 78464 Konstanz, Germany",http://www.ristorante-lafortuna.de/,+49 7531 8157723,,,,"{""5"": ""17"", ""4"": ""1"", ""3"": ""2"", ""2"": ""0"", ""1"": ""3""}",[]
https://www.google.com/maps/place/Karma+Restaurant/data=!4m7!3m6!1s0x479af71e793e72e5:0xe329dafe6a03054f!8m2!3d47.6585198!4d9.1751619!16s%2Fg%2F1tslhpsg!19sChIJ5XI-eR73mkcRTwUDav7aKeM?authuser=0,0x479af71e793e72e5:0xe329dafe6a03054f,47.6585198,9.1751619,Karma Restaurant,Indian restaurant,4.5,,·€20–30,"Sigismundstraße 14, 78462 Konstanz-Altstadt, Germany",https://www.karma-konstanz.com/,+49 7531 3698024,,,,"{""5"": ""786"", ""4"": ""295"", ""3"": ""118"", ""2"": ""10"", ""1"": ""24""}",[]
https://www.google.com/maps/place/Caf%C3%A9+Bar+Smalls+%26+Foodtruck/data=!4m7!3m6!1s0x479af78e9d92f71d:0xebb33ec08d8c5894!8m2!3d47.6824078!4d9.1423889!16s%2Fg%2F11k3h4b1zq!19sChIJHfeSnY73mkcRlFiMjcA-s-s?authuser=0,0x479af78e9d92f71d:0xebb33ec08d8c5894,47.6824078,9.1423889,Café Bar Smalls & Foodtruck,Bar,4.8,,·€10–20,"Byk-Gulden-Straße 8, 78467 Konstanz-Fürstenberg, Germany",http://www.cafe-smalls.de/,+49 7531 7171394,,,,"{""5"": ""317"", ""4"": ""10"", ""3"": ""4"", ""2"": ""2"", ""1"": ""10""}",[]
https://www.google.com/maps/place/Paradies+B%C3%A4ckerei/data=!4m7!3m6!1s0x479af701ea34814b:0xf8768de9119edd41!8m2!3d47.6624104!4d9.1722285!16s%2Fg%2F11k4vpdxdd!19sChIJS4E06gH3mkcRQd2eEemNdvg?authuser=0,0x479af701ea34814b:0xf8768de9119edd41,47.6624104,9.1722285,Paradies Bäckerei,Bakery,4.1,,·€1–10,"u. Laube, 78462 Konstanz, Germany",https://www.paradies-baeckerei.de/, Send to phone,,,,"{""5"": ""65"", ""4"": ""33"", ""3"": ""8"", ""2"": ""6"", ""1"": ""12""}",[]
https://www.google.com/maps/place/Schweizer+Eck/data=!4m7!3m6!1s0x479af6e19b2c9ff1:0xba3bd70da311b035!8m2!3d47.6584552!4d9.1699565!16s%2Fg%2F1tt8b71h!19sChIJ8Z8sm-H2mkcRNbARow3XO7o?authuser=0,0x479af6e19b2c9ff1:0xba3bd70da311b035,47.6584552,9.1699565,Schweizer Eck,Pub,4.2,,·€10–20,"Zur Laube 1, 78462 Konstanz-Altstadt, Germany",http://schweizer-eck.de/,+49 7531 9188569,,,,"{""5"": ""66"", ""4"": ""28"", ""3"": ""11"", ""2"": ""4"", ""1"": ""7""}",[]
https://www.google.com/maps/place/marais+Konstanz+-+Caf%C3%A9+%26+Fr%C3%BChst%C3%BCck/data=!4m7!3m6!1s0x479af71bf51e5807:0x7e9932a8828736fa!8m2!3d47.6571767!4d9.1743231!16s%2Fg%2F11rn24lb4l!19sChIJB1ge9Rv3mkcR-jaHgqgymX4?authuser=0,0x479af71bf51e5807:0x7e9932a8828736fa,47.6571767,9.1743231,marais Konstanz - Café & Frühstück,Cafe,4.6,,·€10–20,"Hüetlinstraße 11, 78462 Konstanz, Germany",http://www.marais-konstanz.de/,+49 7531 9220050,,,,"{""5"": ""237"", ""4"": ""40"", ""3"": ""18"", ""2"": ""13"", ""1"": ""5""}",[]
https://www.google.com/maps/place/WELO+PIZZA+NAPOLETANA/data=!4m7!3m6!1s0x479af7000c086687:0xd68656df143b160d!8m2!3d47.6622827!4d9.1758473!16s%2Fg%2F11zk20676h!19sChIJh2YIDAD3mkcRDRY7FN9WhtY?authuser=0,0x479af7000c086687:0xd68656df143b160d,47.6622827,9.1758473,WELO PIZZA NAPOLETANA,Pizza Takeout,4.8,,·€20–30,"Hohenhausgasse 14, 78462 Konstanz, Germany",,+49 7531 3698422,,,,"{""5"": ""224"", ""4"": ""14"", ""3"": ""5"", ""2"": ""3"", ""1"": ""6""}",[]
https://www.google.com/maps/place/Grezzo+Caf%C3%A9+Bar/data=!4m7!3m6!1s0x479af6e19514a747:0x440d9e73b78816db!8m2!3d47.6579393!4d9.1705997!16s%2Fg%2F11c50r4ysy!19sChIJR6cUleH2mkcR2xaIt3OeDUQ?authuser=0,0x479af6e19514a747:0x440d9e73b78816db,47.6579393,9.1705997,Grezzo Café Bar,Sports bar,4.6,,·€1–10,"Kreuzlinger Str. 10, 78462 Konstanz-Altstadt, Germany",https://grezzo-bar-konstanz.de/,+49 7531 9765254,,,,"{""5"": ""97"", ""4"": ""17"", ""3"": ""5"", ""2"": ""2"", ""1"": ""4""}",[]
https://www.google.com/maps/place/Caf%C3%A9+Mondial+Konstanz+e.V./data=!4m7!3m6!1s0x479af6e439ed4ac5:0xfbf3c9644ced6ffc!8m2!3d47.6603442!4d9.1650708!16s%2Fg%2F11bz_3m3my!19sChIJxUrtOeT2mkcR_G_tTGTJ8_s?authuser=0,0x479af6e439ed4ac5:0xfbf3c9644ced6ffc,47.6603442,9.1650708,Café Mondial Konstanz e.V.,Cafe,4.6,,·€1–10,"Zum Hussenstein 12, 78462 Konstanz, Germany",http://cafe-mondial.org/, Send to phone,,,,"{""5"": ""64"", ""4"": ""8"", ""3"": ""5"", ""2"": ""2"", ""1"": ""3""}",[]
https://www.google.com/maps/place/Restaurant+Pizzeria+Rossini+Konstanz/data=!4m7!3m6!1s0x479af7770cb97111:0x8207d3215d2223d6!8m2!3d47.6589764!4d9.1763068!16s%2Fg%2F11tk7yt3tj!19sChIJEXG5DHf3mkcR1iMiXSHTB4I?authuser=0,0x479af7770cb97111:0x8207d3215d2223d6,47.6589764,9.1763068,Restaurant Pizzeria Rossini Konstanz,Italian restaurant,4.7,,·€20–30,"Bahnhofstraße 4, 78462 Konstanz, Germany",http://www.rossini-konstanz.de/,+49 7531 9227566,,,,"{""5"": ""642"", ""4"": ""152"", ""3"": ""15"", ""2"": ""10"", ""1"": ""18""}",[]
https://www.google.com/maps/place/GOIA/data=!4m7!3m6!1s0x479af7fc58cdc70f:0xe35d9d786cfda1b1!8m2!3d47.659527!4d9.1738493!16s%2Fg%2F11srbld1zr!19sChIJD8fNWPz3mkcRsaH9bHidXeM?authuser=0,0x479af7fc58cdc70f:0xe35d9d786cfda1b1,47.659527,9.1738493,GOIA,Restaurant,4.6,,·€1–50,"Augustinerplatz 7, 78462 Konstanz, Germany",https://www.goia-konstanz.de/,+49 7531 8182410,,,,"{""5"": ""155"", ""4"": ""22"", ""3"": ""8"", ""2"": ""4"", ""1"": ""7""}",[]
https://www.google.com/maps/place/Caf%C3%A9+Otto/data=!4m7!3m6!1s0x479af700224191d9:0xa69f5a7d0055d634!8m2!3d47.6570978!4d9.1742573!16s%2Fg%2F11z7884r_c!19sChIJ2ZFBIgD3mkcRNNZVAH1an6Y?authuser=0,0x479af700224191d9:0xa69f5a7d0055d634,47.6570978,9.1742573,Café Otto,Bistro,5.0,,·€10–20,"Hüetlinstraße 13, 78462 Konstanz, Germany",https://ottokonstanz.de/,+49 7531 9218893,,,,"{""5"": ""45"", ""4"": ""2"", ""3"": ""0"", ""2"": ""0"", ""1"": ""0""}",[]
https://www.google.com/maps/place/Coffee+Fritz/data=!4m7!3m6!1s0x479af70b8ea89aed:0xb86d2528eeaa7f3f!8m2!3d47.657964!4d9.1710065!16s%2Fg%2F11h3_r8r0f!19sChIJ7Zqojgv3mkcRP3-q7iglbbg?authuser=0,0x479af70b8ea89aed:0xb86d2528eeaa7f3f,47.657964,9.1710065,Coffee Fritz,Cafe,4.8,,·€1–10,"Kreuzlinger Str. 7, 78462 Konstanz-Altstadt, Germany",https://www.instagram.com/coffeefritz, Send to phone,,,,"{""5"": ""371"", ""4"": ""29"", ""3"": ""12"", ""2"": ""6"", ""1"": ""3""}",[]
https://www.google.com/maps/place/Kaffeer%C3%B6sterei+Bodensee/data=!4m7!3m6!1s0x479af714693965a7:0x499549caa35a0af5!8m2!3d47.6633197!4d9.1706169!16s%2Fg%2F11z1c5hm2w!19sChIJp2U5aRT3mkcR9Qpao8pJlUk?authuser=0,0x479af714693965a7:0x499549caa35a0af5,47.6633197,9.1706169,Kaffeerösterei Bodensee,Coffee roastery,5.0,4,,"Pop Up Store, Marienhausgasse 5, 78462 Konstanz, Germany",https://www.kaffeeroestereibodensee.de/,+49 162 2354980,,,,"{""5"": ""7"", ""4"": ""0"", ""3"": ""0"", ""2"": ""0"", ""1"": ""0""}",[]
https://www.google.com/maps/place/Le+Petit+Chef+-+Konstanz/data=!4m7!3m6!1s0x479af78841315049:0xdb20ac246b22ab88!8m2!3d47.6642237!4d9.1787169!16s%2Fg%2F11tf4z_xdq!19sChIJSVAxQYj3mkcRiKsiaySsINs?authuser=0,0x479af78841315049:0xdb20ac246b22ab88,47.6642237,9.1787169,Le Petit Chef - Konstanz,Restaurant,4.7,,·€100+,"Auf d. Insel 1, 78462 Konstanz, Germany",https://lepetitchef.com/konstanz/?utm_source=google&utm_medium=local&utm_campaign=gmb,+49 7531 1250,,,,"{""5"": ""48"", ""4"": ""19"", ""3"": ""0"", ""2"": ""0"", ""1"": ""0""}",[]
https://www.google.com/maps/place/ess%2Fbar/data=!4m7!3m6!1s0x479af71ddec8107b:0x86cb3570b6ac1720!8m2!3d47.6588213!4d9.1754656!16s%2Fg%2F1wh4dv77!19sChIJexDI3h33mkcRIBestnA1y4Y?authuser=0,0x479af71ddec8107b:0x86cb3570b6ac1720,47.6588213,9.1754656,ess/bar,Gastropub,4.5,,·€20–50,"Sigismundstraße 15, 78462 Konstanz-Altstadt, Germany",http://www.essbar-konstanz.de/,+49 7531 8043475,,,,"{""5"": ""402"", ""4"": ""108"", ""3"": ""32"", ""2"": ""8"", ""1"": ""20""}",[]
https://www.google.com/maps/place/Volare+Ristorante/data=!4m7!3m6!1s0x479af79ab2231703:0x737dbb6c96cf03f2!8m2!3d47.6730843!4d9.1556322!16s%2Fg%2F11xkjjdhm4!19sChIJAxcjspr3mkcR8gPPlmy7fXM?authuser=0,0x479af79ab2231703:0x737dbb6c96cf03f2,47.6730843,9.1556322,Volare Ristorante,Restaurant,4.9,,·€20–50,"Line-Eid-Straße 6, 78467 Konstanz, Germany",https://volare-konstanz.de/,+49 7531 9219734,,,,"{""5"": ""160"", ""4"": ""15"", ""3"": ""1"", ""2"": ""0"", ""1"": ""2""}",[]
https://www.google.com/maps/place/HANS+IM+GL%C3%9CCK+-+KONSTANZ+Marktst%C3%A4tte/data=!4m7!3m6!1s0x479af75ea4b7065f:0x9d5865e2740a46c!8m2!3d47.660194!4d9.1765845!16s%2Fg%2F11s220n8j9!19sChIJXwa3pF73mkcRbKRAJ16G1Qk?authuser=0,0x479af75ea4b7065f:0x9d5865e2740a46c,47.660194,9.1765845,HANS IM GLÜCK - KONSTANZ Marktstätte,Hamburger restaurant,4.0,,·€20–30,"Marktstätte 1, 78462 Konstanz, Germany",https://hansimglueck-burgergrill.de/burger-restaurant/konstanz-marktstaette/?utm_source=google&utm_medium=yext&utm_campaign=127,+49 7531 1228906,,,,"{""5"": ""1,089"", ""4"": ""313"", ""3"": ""157"", ""2"": ""123"", ""1"": ""219""}",[]
https://www.google.com/maps/place/Six+Senses+-+Asian+Fusion+Cuisine/data=!4m7!3m6!1s0x479af7bb09ebfafd:0xa05b7a1dc39678b9!8m2!3d47.6612163!4d9.1775728!16s%2Fg%2F11lqrby2bp!19sChIJ_frrCbv3mkcRuXiWwx16W6A?authuser=0,0x479af7bb09ebfafd:0xa05b7a1dc39678b9,47.6612163,9.1775728,Six Senses - Asian Fusion Cuisine,Restaurant,4.7,,·€20–30,"Fischmarkt 1, 78462 Konstanz-Altstadt, Germany",http://www.sixsenses-konstanz.de/,+49 7531 9220033,,,,"{""5"": ""686"", ""4"": ""138"", ""3"": ""41"", ""2"": ""6"", ""1"": ""11""}",[]
https://www.google.com/maps/place/Pizza+Flitzer+Konstanz/data=!4m7!3m6!1s0x479af6f8b1b7fd8d:0x8c8f6d175bc88bac!8m2!3d47.67726!4d9.1565589!16s%2Fg%2F1tfbrvz7!19sChIJjf23sfj2mkcRrIvIWxdtj4w?authuser=0,0x479af6f8b1b7fd8d:0x8c8f6d175bc88bac,47.67726,9.1565589,Pizza Flitzer Konstanz,Pizza restaurant,4.4,,·€10–20,"Max-Stromeyer-Straße 35 B, 78467 Konstanz, Germany",https://www.pizza-flitzer.com/,+49 7531 692727,,,,"{""5"": ""168"", ""4"": ""34"", ""3"": ""12"", ""2"": ""4"", ""1"": ""19""}",[]
https://www.google.com/maps/place/Weber%27s+Imbiss/data=!4m7!3m6!1s0x479af734ebcdec69:0x96e96de4c9474ca7!8m2!3d47.6795592!4d9.1486582!16s%2Fg%2F11g3z2y5c4!19sChIJaezN6zT3mkcRp0xHyeRt6ZY?authuser=0,0x479af734ebcdec69:0x96e96de4c9474ca7,47.6795592,9.1486582,Weber's Imbiss,Snack bar,4.4,1,·€1–10,"Max-Stromeyer-Straße 55, 78467 Konstanz, Germany",,+49 7531 3619752,,,,"{""5"": ""48"", ""4"": ""7"", ""3"": ""5"", ""2"": ""4"", ""1"": ""2""}",[]
https://www.google.com/maps/place/Glorious+Butcher+Konstanz/data=!4m7!3m6!1s0x479af76c3cd2770f:0xc92d83f9f5033feb!8m2!3d47.657617!4d9.176109!16s%2Fg%2F11vhqj33d5!19sChIJD3fSPGz3mkcR6z8D9fmDLck?authuser=0,0x479af76c3cd2770f:0xc92d83f9f5033feb,47.657617,9.176109,Glorious Butcher Konstanz,Restaurant,3.2,,·€20–30,"Bodanstraße 1 Lago, 2 OG, 78462 Konstanz, Germany",https://glorious-bastards.at/glorious-butcher-konstanz/,+49 7531 7176152,,,,"{""5"": ""161"", ""4"": ""36"", ""3"": ""62"", ""2"": ""55"", ""1"": ""104""}",[]
https://www.google.com/maps/place/SB-Tankstelle+Autohaus+Sch%C3%B6nenberger+%28Burger%29/data=!4m7!3m6!1s0x479a5f69719ab0c5:0xfbbf46ea7b779c27!8m2!3d47.7319356!4d9.1179895!16s%2Fg%2F11c1wsd29_!19sChIJxbCacWlfmkcRJ5x3e-pGv_s?authuser=0,0x479a5f69719ab0c5:0xfbbf46ea7b779c27,47.7319356,9.1179895,SB-Tankstelle Autohaus Schönenberger (Burger),,3.7,,,"Konstanzer Str. 24, 78465 Konstanz-Dettingen, Germany",,+49 7533 5111,,,,"{""5"": ""25"", ""4"": ""14"", ""3"": ""12"", ""2"": ""1"", ""1"": ""10""}",[]
https://www.google.com/maps/place/ROXY+BAR+%26+50s+Diner/data=!4m7!3m6!1s0x479af6e0616efba7:0xf4b39b45aa564e7b!8m2!3d46.8131873!4d8.224119!16s%2Fg%2F1tdbdd94!19sChIJp_tuYeD2mkcRe05WqkWbs_Q?authuser=0,0x479af6e0616efba7:0xf4b39b45aa564e7b,46.8131873,8.224119,ROXY BAR & 50s Diner,Delivery Restaurant,4.7,1,·$$,,, Send to phone,,,,"{""5"": ""58"", ""4"": ""12"", ""3"": ""5"", ""2"": ""1"", ""1"": ""0""}",[]
https://www.google.com/maps/place/Longfresh+asian+food+im+Lago+Center/data=!4m7!3m6!1s0x479af7117f67d41d:0x59cfdd2b2b362978!8m2!3d47.6569379!4d9.1761133!16s%2Fg%2F11h41hxxm0!19sChIJHdRnfxH3mkcReCk2Kyvdz1k?authuser=0,0x479af7117f67d41d:0x59cfdd2b2b362978,47.6569379,9.1761133,Longfresh asian food im Lago Center,Asian restaurant,4.7,,·€10–20,"Bodanstraße 1, 78462 Konstanz, Germany",,+49 176 36179999,,,,"{""5"": ""145"", ""4"": ""31"", ""3"": ""4"", ""2"": ""3"", ""1"": ""2""}",[]
https://www.google.com/maps/place/Jasmine+Kitchen/data=!4m7!3m6!1s0x479af74f68c50531:0x9746f15581b4b63b!8m2!3d47.6592096!4d9.171246!16s%2Fg%2F11xmjs9xp0!19sChIJMQXFaE_3mkcRO7a0gVXxRpc?authuser=0,0x479af74f68c50531:0x9746f15581b4b63b,47.6592096,9.171246,Jasmine Kitchen,Restaurant,4.7,,·€10–20,"Hussenstraße 48, 78462 Konstanz, Germany",http://jasmine-kitchen-konstanz.de/,+49 7531 9559755,,,,"{""5"": ""74"", ""4"": ""5"", ""3"": ""5"", ""2"": ""1"", ""1"": ""3""}",[]
https://www.google.com/maps/place/Devam/data=!4m7!3m6!1s0x479af7556b8e7cbb:0x1efa1265625e00c3!8m2!3d47.669382!4d9.1817498!16s%2Fg%2F11y1ftkfp6!19sChIJu3yOa1X3mkcRwwBeYmUS-h4?authuser=0,0x479af7556b8e7cbb:0x1efa1265625e00c3,47.669382,9.1817498,Devam,Doner kebab restaurant,4.6,,·€1–10,"Theodor-Heuss-Straße 18, 78467 Konstanz, Germany",https://www.defne-kn.de/,+49 7531 6960486,,,,"{""5"": ""125"", ""4"": ""13"", ""3"": ""4"", ""2"": ""2"", ""1"": ""10""}",[]
https://www.google.com/maps/place/Bar+Klimperkasten/data=!4m7!3m6!1s0x479af6e1f393b575:0x4994e1734c715076!8m2!3d47.658566!4d9.171153!16s%2Fg%2F1tctqn09!19sChIJdbWT8-H2mkcRdlBxTHPhlEk?authuser=0,0x479af6e1f393b575:0x4994e1734c715076,47.658566,9.171153,Bar Klimperkasten,Cocktail bar,4.4,,·€10–20,"Bodanstraße 40, 78462 Konstanz-Altstadt, Germany",,+49 7531 2843666,,,,"{""5"": ""314"", ""4"": ""142"", ""3"": ""40"", ""2"": ""5"", ""1"": ""14""}",[]
https://www.google.com/maps/place/Pfiff+Bar+Konstanz/data=!4m7!3m6!1s0x479af71ce68a862b:0x8474740b53bd6a74!8m2!3d47.6617924!4d9.1769904!16s%2Fg%2F1tjysl72!19sChIJK4aK5hz3mkcRdGq9Uwt0dIQ?authuser=0,0x479af71ce68a862b:0x8474740b53bd6a74,47.6617924,9.1769904,Pfiff Bar Konstanz,Gastropub,4.2,,·€10–20,"Konzilstraße 1, 78462 Konstanz-Altstadt, Germany",https://www.pfiff-bar.de/,+49 7531 8045686,,,,"{""5"": ""119"", ""4"": ""35"", ""3"": ""14"", ""2"": ""3"", ""1"": ""19""}",[]
https://www.google.com/maps/place/Ninos+Pizza+Restaurant/data=!4m7!3m6!1s0x41087a19631556d3:0x7c157b1c64ab9970!8m2!3d47.6666099!4d9.1724327!16s%2Fg%2F1pty4v5q8!19sChIJ01YVYxl6CEERcJmrZBx7FXw?authuser=0,0x41087a19631556d3:0x7c157b1c64ab9970,47.6666099,9.1724327,Ninos Pizza Restaurant,Pizza restaurant,4.4,,·€10–20,"Rheingutstraße 5, 78462 Konstanz, Germany",,+49 7531 455876,,,,"{""5"": ""405"", ""4"": ""131"", ""3"": ""50"", ""2"": ""13"", ""1"": ""33""}",[]
https://www.google.com/maps/place/Ali+Baba+Imbiss/data=!4m7!3m6!1s0x479af71e67ff6909:0x2d230c129d7a5448!8m2!3d47.657415!4d9.1746018!16s%2Fg%2F1th0lwdq!19sChIJCWn_Zx73mkcRSFR6nRIMIy0?authuser=0,0x479af71e67ff6909:0x2d230c129d7a5448,47.657415,9.1746018,Ali Baba Imbiss,,4.4,,·€1–10,"Hüetlinstraße 3, 78462 Konstanz, Germany",, Send to phone,,,,"{""5"": ""585"", ""4"": ""113"", ""3"": ""35"", ""2"": ""20"", ""1"": ""56""}",[]
https://www.google.com/maps/place/Chinarestaurant+Shun+Feng+Konstanz/data=!4m7!3m6!1s0x479af6602fb5f07d:0xf9442f6d19003449!8m2!3d47.6742727!4d9.1570589!16s%2Fg%2F1tf7wpm8!19sChIJffC1L2D2mkcRSTQAGW0vRPk?authuser=0,0x479af6602fb5f07d:0xf9442f6d19003449,47.6742727,9.1570589,Chinarestaurant Shun Feng Konstanz,Chinese restaurant,4.6,,·€20–30,"Reichenaustraße 202, 78467 Konstanz, Germany",http://shunfeng.de/,+49 7531 696982,,,,"{""5"": ""848"", ""4"": ""316"", ""3"": ""5"", ""2"": ""5"", ""1"": ""20""}",[]
https://www.google.com/maps/place/Charisma+%7C+Grill+%26+H%C3%A4hnchen+Haus/data=!4m7!3m6!1s0x479af7d350ffae6b:0xba92db7b69f8ad0a!8m2!3d47.6840807!4d9.1568789!16s%2Fg%2F11v_8brmdh!19sChIJa67_UNP3mkcRCq34aXvbkro?authuser=0,0x479af7d350ffae6b:0xba92db7b69f8ad0a,47.6840807,9.1568789,Charisma | Grill & Hähnchen Haus,Barbecue restaurant,4.3,,·€1–10,"Fürstenbergstraße 93, 78467 Konstanz, Germany",https://www.charisma-grill-konstanz.de/,+49 7531 8045319,,,,"{""5"": ""99"", ""4"": ""3"", ""3"": ""1"", ""2"": ""6"", ""1"": ""18""}",[]
https://www.google.com/maps/place/Balkan+B%C3%A4ckerei+-+Konstanz/data=!4m7!3m6!1s0x479af75f270151a1:0x89a03937d5abb0f1!8m2!3d47.6749476!4d9.1464312!16s%2Fg%2F11p4zc3pvj!19sChIJoVEBJ1_3mkcR8bCr1Tc5oIk?authuser=0,0x479af75f270151a1:0x89a03937d5abb0f1,47.6749476,9.1464312,Balkan Bäckerei - Konstanz,Bakery,4.4,,·€1–10,"Fritz-Arnold-Straße 10, 78467 Konstanz, Germany",https://m.facebook.com/people/Balkan-Backerei-Konstanz/100064059848498/,+49 7531 3620241,,,,"{""5"": ""175"", ""4"": ""26"", ""3"": ""15"", ""2"": ""2"", ""1"": ""23""}",[]
https://www.google.com/maps/place/Namnam+Club/data=!4m7!3m6!1s0x479af712d9bd2bff:0xbebaa7e7d1fa3484!8m2!3d47.663593!4d9.1738642!16s%2Fg%2F11j68by67w!19sChIJ_yu92RL3mkcRhDT60eenur4?authuser=0,0x479af712d9bd2bff:0xbebaa7e7d1fa3484,47.663593,9.1738642,Namnam Club,Restaurant,4.5,,·€10–20,"Katzgasse 8, 78462 Konstanz, Germany",http://namnam.club/,+49 7531 1228006,,,,"{""5"": ""151"", ""4"": ""18"", ""3"": ""11"", ""2"": ""7"", ""1"": ""7""}",[]
https://www.google.com/maps/place/60+seconds+to+napoli+Konstanz/data=!4m7!3m6!1s0x479af79d3a0a4b41:0x3d8576cd3698b399!8m2!3d47.6711869!4d9.166795!16s%2Fg%2F11m6dsm8nc!19sChIJQUsKOp33mkcRmbOYNs12hT0?authuser=0,0x479af79d3a0a4b41:0x3d8576cd3698b399,47.6711869,9.166795,60 seconds to napoli Konstanz,Pizza Takeout,4.5,,·€20–30,"Reichenaustraße 19 a, 78467 Konstanz, Germany",https://60secondstonapoli.de/standort/konstanz/,+49 7531 9911675,,,,"{""5"": ""3,604"", ""4"": ""785"", ""3"": ""208"", ""2"": ""103"", ""1"": ""178""}",[]
https://www.google.com/maps/place/L%27Osteria+Konstanz+Reichenaustra%C3%9Fe/data=!4m7!3m6!1s0x479af7ee53842fe1:0x12946a090d9752f6!8m2!3d47.6713004!4d9.1677174!16s%2Fg%2F11h6mkvc5c!19sChIJ4S-EU-73mkcR9lKXDQlqlBI?authuser=0,0x479af7ee53842fe1:0x12946a090d9752f6,47.6713004,9.1677174,L'Osteria Konstanz Reichenaustraße,Italian restaurant,4.7,,·€20–30,"Reichenaustraße 15, 78467 Konstanz, Germany",https://losteria.net/de/restaurants/restaurant/konstanz-reichenaustrasse/,+49 7531 9551590,,,,"{""5"": ""2,388"", ""4"": ""662"", ""3"": ""43"", ""2"": ""34"", ""1"": ""46""}",[]
https://www.google.com/maps/place/Green+Bar/data=!4m7!3m6!1s0x479af75d6643b05b:0xdfb3d9e46af33bf6!8m2!3d47.6567453!4d9.1719994!16s%2Fg%2F11vymx9g_3!19sChIJW7BDZl33mkcR9jvzauTZs98?authuser=0,0x479af75d6643b05b:0xdfb3d9e46af33bf6,47.6567453,9.1719994,Green Bar,Bar,4.7,,·€1–10,"Kreuzlinger Str. 46, 78462 Konstanz, Germany",,+49 15567 365669,,,,"{""5"": ""42"", ""4"": ""1"", ""3"": ""0"", ""2"": ""1"", ""1"": ""2""}",[]
https://www.google.com/maps/place/Weingl%C3%B6ckle/data=!4m7!3m6!1s0x479af7b8c07749f3:0x605ead71f80ffa0!8m2!3d47.6646347!4d9.1756262!16s%2Fg%2F11q8jntdnz!19sChIJ80l3wLj3mkcRoP-AH9fqBQY?authuser=0,0x479af7b8c07749f3:0x605ead71f80ffa0,47.6646347,9.1756262,Weinglöckle,Wine bar,4.5,,·€10–20,"Inselgasse 13, 78462 Konstanz-Altstadt, Germany",http://www.xn--weinglckle-jcb.de/,+49 7531 23030,,,,"{""5"": ""72"", ""4"": ""17"", ""3"": ""2"", ""2"": ""1"", ""1"": ""6""}",[]
https://www.google.com/maps/place/Cengos+Burgershot/data=!4m7!3m6!1s0x479af71a35bfda73:0x8b8ae0a06dfd0b61!8m2!3d47.6773231!4d9.1522879!16s%2Fg%2F11kpnjjgh9!19sChIJc9q_NRr3mkcRYQv9baDgios?authuser=0,0x479af71a35bfda73:0x8b8ae0a06dfd0b61,47.6773231,9.1522879,Cengos Burgershot,Hamburger restaurant,4.4,,·€10–20,"Horchstraße 2, 78467 Konstanz, Germany",http://www.cengosburgershot.de/,+49 1514 0367776,,,,"{""5"": ""102"", ""4"": ""10"", ""3"": ""3"", ""2"": ""6"", ""1"": ""11""}",[]
https://www.google.com/maps/place/DOPPIO+Caf%C3%A9+%26+Champagner/data=!4m7!3m6!1s0x479af778dc0f521f:0xa3bdf2f62a915e9f!8m2!3d47.6580058!4d9.1764496!16s%2Fg%2F11kptry2b5!19sChIJH1IP3Hj3mkcRn16RKvbyvaM?authuser=0,0x479af778dc0f521f:0xa3bdf2f62a915e9f,47.6580058,9.1764496,DOPPIO Café & Champagner,Cafe,4.8,,·€1–10,"Bahnhofpl. 14, 78462 Konstanz, Germany",http://www.doppio-konstanz.de/,+49 7531 903644,,,,"{""5"": ""22"", ""4"": ""4"", ""3"": ""1"", ""2"": ""0"", ""1"": ""0""}",[]
https://www.google.com/maps/place/BO+DAI+KO+-+Japanese+Kaiten+Sushi/data=!4m7!3m6!1s0x479af71e139a7779:0x6b6f9836f86a968e!8m2!3d47.6578986!4d9.1736953!16s%2Fg%2F1td7gq7m!19sChIJeXeaEx73mkcRjpZq-DaYb2s?authuser=0,0x479af71e139a7779:0x6b6f9836f86a968e,47.6578986,9.1736953,BO DAI KO - Japanese Kaiten Sushi,Sushi restaurant,4.1,,·€20–30,"Stadelhofgasse 1, 78462 Konstanz-Altstadt, Germany",,+49 7531 458219,,,,"{""5"": ""407"", ""4"": ""145"", ""3"": ""57"", ""2"": ""41"", ""1"": ""74""}",[]
https://www.google.com/maps/place/Burroburro/data=!4m7!3m6!1s0x479af6e1eda041e7:0x7fbb5dc839c310d!8m2!3d47.6583006!4d9.1709675!16s%2Fg%2F11cmtw2pzp!19sChIJ50Gg7eH2mkcRDTGcg9y1-wc?authuser=0,0x479af6e1eda041e7:0x7fbb5dc839c310d,47.6583006,9.1709675,Burroburro,Fast food restaurant,4.4,,·€10–20,"Bodanstraße 41, 78462 Konstanz, Germany",https://burroburro.de/konstanz-city/,+49 7531 9168010,,,,"{""5"": ""1,133"", ""4"": ""479"", ""3"": ""178"", ""2"": ""88"", ""1"": ""17""}",[]
https://www.google.com/maps/place/Maharani/data=!4m7!3m6!1s0x479af7029f76f6e5:0xc97874d90b952484!8m2!3d47.66492!4d9.1747963!16s%2Fg%2F1vc_pb2g!19sChIJ5fZ2nwL3mkcRhCSVC9l0eMk?authuser=0,0x479af7029f76f6e5:0xc97874d90b952484,47.66492,9.1747963,Maharani,Indian restaurant,4.3,,·€20–30,"Konradigasse 1, 78462 Konstanz, Germany",https://maharani-konstanz.com/,+49 7531 8912211,,,,"{""5"": ""244"", ""4"": ""70"", ""3"": ""23"", ""2"": ""16"", ""1"": ""26""}",[]
https://www.google.com/maps/place/Hummus+Bar/data=!4m7!3m6!1s0x479af763f80670bb:0x8141c87923b4d721!8m2!3d47.6621168!4d9.1758441!16s%2Fg%2F11q94p3nkw!19sChIJu3AG-GP3mkcRIde0I3nIQYE?authuser=0,0x479af763f80670bb:0x8141c87923b4d721,47.6621168,9.1758441,Hummus Bar,Cafe,5.0,,·€10–20,"Zollernstraße 12, 78462 Konstanz, Germany",http://dattelhaus-konstanz.de/, Send to phone,,,,"{""5"": ""29"", ""4"": ""1"", ""3"": ""0"", ""2"": ""0"", ""1"": ""0""}",[]
https://www.google.com/maps/place/Das+voglhaus+cafe+und+kaufhaus/data=!4m7!3m6!1s0x479af71d829f277f:0x4b4e3e3cdfb5ace0!8m2!3d47.6612523!4d9.1741545!16s%2Fg%2F11g81597sf!19sChIJfyefgh33mkcR4Ky13zw-Tks?authuser=0,0x479af71d829f277f:0x4b4e3e3cdfb5ace0,47.6612523,9.1741545,Das voglhaus cafe und kaufhaus,Cafe,4.5,,·€10–20,"Wessenbergstraße 8, 78462 Konstanz-Altstadt, Germany",http://voglhaus.de/,+49 7531 17202,,,,"{""5"": ""1,662"", ""4"": ""499"", ""3"": ""130"", ""2"": ""69"", ""1"": ""58""}",[]
https://www.google.com/maps/place/Helga/data=!4m7!3m6!1s0x479af7d9e4c79187:0x13773cca4faa8c79!8m2!3d47.661268!4d9.1749213!16s%2Fg%2F11v1979yb9!19sChIJh5HH5Nn3mkcReYyqT8o8dxM?authuser=0,0x479af7d9e4c79187:0x13773cca4faa8c79,47.661268,9.1749213,Helga,Cafe,4.6,,·€10–20,"Hohenhausgasse 1, 78462 Konstanz, Germany",https://www.helga-kn.de/,+49 7531 9220786,,,,"{""5"": ""152"", ""4"": ""37"", ""3"": ""2"", ""2"": ""5"", ""1"": ""5""}",[]
https://www.google.com/maps/place/Keki+Chicken/data=!4m7!3m6!1s0x479af7bcfcba033b:0x5e833aa5623a6cb9!8m2!3d47.6576659!4d9.1750151!16s%2Fg%2F11y8g_wqz5!19sChIJOwO6_Lz3mkcRuWw6YqU6g14?authuser=0,0x479af7bcfcba033b:0x5e833aa5623a6cb9,47.6576659,9.1750151,Keki Chicken,Fast food restaurant,4.7,,·€10–20,"Bodanpl. 7, 78462 Konstanz, Germany",https://kekichicken.de/, Send to phone,,,,"{""5"": ""109"", ""4"": ""9"", ""3"": ""6"", ""2"": ""2"", ""1"": ""3""}",[]
https://www.google.com/maps/place/Heimat+Bar/data=!4m7!3m6!1s0x479af6fd5fcbde29:0x325d976dcb6797be!8m2!3d47.6650335!4d9.17475!16s%2Fg%2F1tnbk33v!19sChIJKd7LX_32mkcRvpdny22XXTI?authuser=0,0x479af6fd5fcbde29:0x325d976dcb6797be,47.6650335,9.17475,Heimat Bar,Bar,4.4,,·€10–20,"Schreibergasse 2, 78462 Konstanz-Altstadt, Germany",http://www.heimatbar.de/,+49 7531 23355,,,,"{""5"": ""256"", ""4"": ""127"", ""3"": ""27"", ""2"": ""7"", ""1"": ""16""}",[]
https://www.google.com/maps/place/Caf%C3%A9-Restaurant+Hohenegg/data=!4m7!3m6!1s0x479af795e52f0313:0x68e809019d5cf172!8m2!3d47.6861569!4d9.2076804!16s%2Fg%2F1wnf00hf!19sChIJEwMv5ZX3mkcRcvFcnQEJ6Gg?authuser=0,0x479af795e52f0313:0x68e809019d5cf172,47.6861569,9.2076804,Café-Restaurant Hohenegg,German restaurant,4.6,,·€20–30,"Hoheneggstraße 45, 78464 Konstanz-Staad, Germany",https://www.restaurant-hohenegg.de/,+49 7531 33530,,,,"{""5"": ""832"", ""4"": ""484"", ""3"": ""19"", ""2"": ""12"", ""1"": ""12""}",[]
https://www.google.com/maps/place/caf%C3%A9+ayki/data=!4m7!3m6!1s0x479af7b3bafecad5:0x39ae2483b8c1c161!8m2!3d47.6819065!4d9.2109933!16s%2Fg%2F11l9qt1w6z!19sChIJ1cr-urP3mkcRYcHBuIMkrjk?authuser=0,0x479af7b3bafecad5:0x39ae2483b8c1c161,47.6819065,9.2109933,café ayki,Cafe,4.9,,·€1–10,"William-Graf-Platz 3, 78464 Konstanz-Staad, Germany",,+49 7531 8182760,,,,"{""5"": ""140"", ""4"": ""7"", ""3"": ""1"", ""2"": ""1"", ""1"": ""1""}",[]
https://www.google.com/maps/place/Reginbrot+Reginbert+Keller/data=!4m7!3m6!1s0x479af71d0ae7a6a1:0xbaef81c52106078f!8m2!3d47.6611866!4d9.1750461!16s%2Fg%2F1tcz790l!19sChIJoabnCh33mkcRjwcGIcWB77o?authuser=0,0x479af71d0ae7a6a1:0xbaef81c52106078f,47.6611866,9.1750461,Reginbrot Reginbert Keller,Bakery,4.6,,·€1–10,"Münzgasse 16, 78462 Konstanz-Altstadt, Germany",https://www.reginbrot.de/,+49 7531 23963,,,,"{""5"": ""121"", ""4"": ""9"", ""3"": ""6"", ""2"": ""2"", ""1"": ""8""}",[]
https://www.google.com/maps/place/Eugens+%26+Maarons+Bio+Patisserie/data=!4m7!3m6!1s0x479af7004fae37cb:0x882c33387796838b!8m2!3d47.6838634!4d9.2020959!16s%2Fg%2F11vk7dtbz1!19sChIJyzeuTwD3mkcRi4OWdzgzLIg?authuser=0,0x479af7004fae37cb:0x882c33387796838b,47.6838634,9.2020959,Eugens & Maarons Bio Patisserie,Bakery,4.5,,·€1–10,"Mainaustraße 165, 78464 Konstanz, Germany",https://www.eugens.bio/,+49 7531 9414330,,,,"{""5"": ""20"", ""4"": ""4"", ""3"": ""0"", ""2"": ""0"", ""1"": ""2""}",[]
https://www.google.com/maps/place/Caf%C3%A9+Auszeit/data=!4m7!3m6!1s0x479af6fad070fe83:0x42be475482c81f0b!8m2!3d47.6651857!4d9.1648234!16s%2Fg%2F11fx_5ly66!19sChIJg_5w0Pr2mkcRCx_IglRHvkI?authuser=0,0x479af6fad070fe83:0x42be475482c81f0b,47.6651857,9.1648234,Café Auszeit,Cafe,4.7,,·€10–20,"Wallgutstraße 42, 78462 Konstanz, Germany",http://auszeit-kn.de/,+49 7531 1274277,,,,"{""5"": ""672"", ""4"": ""120"", ""3"": ""30"", ""2"": ""10"", ""1"": ""4""}",[]
https://www.google.com/maps/place/Bio-Backst%C3%BCble+Zuck+%26+Kaun+GmbH+-+Filiale+Wessenbergstra%C3%9Fe/data=!4m7!3m6!1s0x479af71d45ecd6c7:0x48cd22927f73881b!8m2!3d47.6629888!4d9.1751112!16s%2Fg%2F1tm8jkb0!19sChIJx9bsRR33mkcRG4hzf5IizUg?authuser=0,0x479af71d45ecd6c7:0x48cd22927f73881b,47.6629888,9.1751112,Bio-Backstüble Zuck & Kaun GmbH - Filiale Wessenbergstraße,Bakery,4.4,,·€1–10,"Wessenbergstraße 39, 78462 Konstanz-Altstadt, Germany",,+49 7531 22839,,,,"{""5"": ""63"", ""4"": ""15"", ""3"": ""9"", ""2"": ""5"", ""1"": ""2""}",[]
https://www.google.com/maps/place/CHEERS+Bar/data=!4m7!3m6!1s0x479af702c9963d71:0x6568fd77c430c0de!8m2!3d47.6645211!4d9.1760747!16s%2Fg%2F1hc1yljmd!19sChIJcT2WyQL3mkcR3sAwxHf9aGU?authuser=0,0x479af702c9963d71:0x6568fd77c430c0de,47.6645211,9.1760747,CHEERS Bar,Bar,4.1,35,·$,"Brückengasse 7, 78462 Konstanz-Altstadt, Germany",http://www.cheers-konstanz.de/,+49 7531 8040842,,,,"{""5"": ""21"", ""4"": ""7"", ""3"": ""6"", ""2"": ""2"", ""1"": ""2""}",[]
https://www.google.com/maps/place/Bistro+Annie+Times/data=!4m7!3m6!1s0x479af7000e17a033:0x2d2aa56315417ff9!8m2!3d47.6717812!4d9.1685294!16s%2Fg%2F11y_rvrypj!19sChIJM6AXDgD3mkcR-X9BFWOlKi0?authuser=0,0x479af7000e17a033:0x2d2aa56315417ff9,47.6717812,9.1685294,Bistro Annie Times,Restaurant,5.0,,,"Reichenaustraße 36, 78467 Konstanz, Germany",, Send to phone,,,,"{""5"": ""3"", ""4"": ""0"", ""3"": ""0"", ""2"": ""0"", ""1"": ""0""}",[]
https://www.google.com/maps/place/Pizzeria+Pizzicato/data=!4m7!3m6!1s0x479a599528a6b639:0x526becf13458df61!8m2!3d47.7151757!4d9.1718673!16s%2Fg%2F11wwgsy61y!19sChIJObamKJVZmkcRYd9YNPHsa1I?authuser=0,0x479a599528a6b639:0x526becf13458df61,47.7151757,9.1718673,Pizzeria Pizzicato,Pizza Takeout,4.5,,·€10–20,"Martin-Schleyer-Straße 37, 78465 Konstanz, Germany",https://www.pizzicato-kn.de/,+49 7531 3669800,,,,"{""5"": ""68"", ""4"": ""2"", ""3"": ""5"", ""2"": ""3"", ""1"": ""6""}",[]
https://www.google.com/maps/place/Pils+Bar+Vesna+und+Zorro/data=!4m7!3m6!1s0x479af7ea43f98305:0x4dd2b6197f21a2c1!8m2!3d47.6743353!4d9.1833418!16s%2Fg%2F11hz1h7mdt!19sChIJBYP5Q-r3mkcRwaIhfxm20k0?authuser=0,0x479af7ea43f98305:0x4dd2b6197f21a2c1,47.6743353,9.1833418,Pils Bar Vesna und Zorro,Bar,5.0,,,"Zähringerpl. 36, 78464 Konstanz-Petershausen-West, Germany",, Send to phone,,,,"{""5"": ""1"", ""4"": ""0"", ""3"": ""0"", ""2"": ""0"", ""1"": ""0""}",[]
"https://www.google.com/maps/place/Hafenhalle+Konstanz+-+Restaurant,+Biergarten+%26+Bar+-+seit+1995/data=!4m7!3m6!1s0x479af71eaf609533:0x3b18d35234dee5df!8m2!3d47.659201!4d9.1780075!16s%2Fg%2F1tk6p9b7!19sChIJM5Vgrx73mkcR3-XeNFLTGDs?authuser=0",0x479af71eaf609533:0x3b18d35234dee5df,47.659201,9.1780075,"Hafenhalle Konstanz - Restaurant, Biergarten & Bar - seit 1995",,4.1,,·€20–30,"Hafenstraße 10, 78462 Konstanz, Germany",http://www.hafenhalle.com/,+49 7531 21126,,,,"{""5"": ""1,372"", ""4"": ""893"", ""3"": ""249"", ""2"": ""111"", ""1"": ""167""}",[]
https://www.google.com/maps/place/Burger+King+Konstanz/data=!4m7!3m6!1s0x479af661ccfad603:0x29301a9e8af55ad!8m2!3d47.6738963!4d9.1567914!16s%2Fg%2F1tdqmmlf!19sChIJA9b6zGH2mkcRrVWv6KkBkwI?authuser=0,0x479af661ccfad603:0x29301a9e8af55ad,47.6738963,9.1567914,Burger King Konstanz,Fast food restaurant,3.5,,·€10–20,"Reichenaustraße 204, 78467 Konstanz, Germany",https://www.burgerking.de/,+49 7531 955279,,,,"{""5"": ""707"", ""4"": ""564"", ""3"": ""365"", ""2"": ""141"", ""1"": ""338""}",[]
https://www.google.com/maps/place/Restaurant+Entengraben+Inhaber+:+G.+Duran/data=!4m7!3m6!1s0x479af6224cd0f4c9:0x20cfe2f1dcc89c5a!8m2!3d47.70738!4d9.1666!16s%2Fg%2F1vfp7553!19sChIJyfTQTCL2mkcRWpzI3PHizyA?authuser=0,0x479af6224cd0f4c9:0x20cfe2f1dcc89c5a,47.70738,9.1666,Restaurant Entengraben Inhaber : G. Duran,Turkish restaurant,4.5,,·€10–20,"Im Loh 42, 78465 Konstanz-Litzelstetten, Germany",https://www.sv-litzelstetten.de/vereinsgaststaette.htm,+49 7531 943330,,,,"{""5"": ""126"", ""4"": ""49"", ""3"": ""14"", ""2"": ""1"", ""1"": ""4""}",[]
https://www.google.com/maps/place/Kaffee+Blende+8/data=!4m7!3m6!1s0x479af759c1914801:0x201dd8d0c29527a4!8m2!3d47.6644997!4d9.1747221!16s%2Fg%2F11twdf71bz!19sChIJAUiRwVn3mkcRpCeVwtDYHSA?authuser=0,0x479af759c1914801:0x201dd8d0c29527a4,47.6644997,9.1747221,Kaffee Blende 8,Coffee shop,4.7,,·€1–10,"Gerichtsgasse 14, 78462 Konstanz, Germany",https://www.leica-galerie-konstanz.de/, Send to phone,,,,"{""5"": ""66"", ""4"": ""14"", ""3"": ""0"", ""2"": ""1"", ""1"": ""2""}",[]
https://www.google.com/maps/place/Coffee+Fellows/data=!4m7!3m6!1s0x479af71e9e23a5cf:0x66791ecdf5abaf21!8m2!3d47.6585297!4d9.1770366!16s%2Fg%2F11c5bqkhcr!19sChIJz6Ujnh73mkcRIa-r9c0eeWY?authuser=0,0x479af71e9e23a5cf:0x66791ecdf5abaf21,47.6585297,9.1770366,Coffee Fellows,Cafe,4.5,,·€1–10,"Bahnhofpl. 47, 78462 Konstanz-Altstadt, Germany",https://coffee-fellows.com/locations/konstanz-bahnhofplatz,+49 7531 3685571,,,,"{""5"": ""433"", ""4"": ""126"", ""3"": ""37"", ""2"": ""23"", ""1"": ""19""}",[]
https://www.google.com/maps/place/Restaurant+Sedir/data=!4m7!3m6!1s0x479af71d3c3684f1:0xf3d6d7588879ca1!8m2!3d47.662489!4d9.1756888!16s%2Fg%2F1tj5k3dy!19sChIJ8YQ2PB33mkcRoZyHiHVtPQ8?authuser=0,0x479af71d3c3684f1:0xf3d6d7588879ca1,47.662489,9.1756888,Restaurant Sedir,Turkish restaurant,4.0,,·€10–20,"Hofhalde 11, 78462 Konstanz, Germany",https://www.sedirkonstanz.com/,+49 7531 29352,,,,"{""5"": ""730"", ""4"": ""270"", ""3"": ""124"", ""2"": ""83"", ""1"": ""151""}",[]
https://www.google.com/maps/place/Gastst%C3%A4tte+am+Flie%C3%9Fhorn/data=!4m7!3m6!1s0x479a58c010a0d013:0xc9cb49f1169ccba5!8m2!3d47.734399!4d9.172559!16s%2Fg%2F1vl5frcq!19sChIJE9CgEMBYmkcRpcucFvFJy8k?authuser=0,0x479a58c010a0d013:0xc9cb49f1169ccba5,47.734399,9.172559,Gaststätte am Fließhorn,Thai restaurant,4.4,,·€20–30,"Am Fließhorn 1, 78465 Konstanz-Dingelsdorf, Germany",https://www.gaststaette-fliesshorn.de/,+49 7533 2066,,,,"{""5"": ""171"", ""4"": ""40"", ""3"": ""10"", ""2"": ""3"", ""1"": ""16""}",[]
https://www.google.com/maps/place/Gut+H%C3%BCgle+Erlebnishof/data=!4m7!3m6!1s0x479ba8f46fa8ff21:0x79cbcb58f277969!8m2!3d47.720723!4d9.614008!16s%2Fg%2F1v3dr2zk!19sChIJIf-ob_Som0cRaXknj7W8nAc?authuser=0,0x479ba8f46fa8ff21:0x79cbcb58f277969,47.720723,9.614008,Gut Hügle Erlebnishof,,4.0,3117,,"Bottenreute 6, 88214 Ravensburg, Germany",http://www.guthuegle.de/,+49 751 1895000,,,,"{""5"": ""1,539"", ""4"": ""784"", ""3"": ""372"", ""2"": ""208"", ""1"": ""217""}",[]
https://www.google.com/maps/place/Bodangrill/data=!4m7!3m6!1s0x479af7cfb9e16829:0x9ae4e99eb32e8465!8m2!3d47.6584324!4d9.1724738!16s%2Fg%2F11mz9n27cv!19sChIJKWjhuc_3mkcRZYQus57p5Jo?authuser=0,0x479af7cfb9e16829:0x9ae4e99eb32e8465,47.6584324,9.1724738,Bodangrill,,4.6,,·€10–20,"Bruderturmgasse 8, 78462 Konstanz, Germany",https://www.bodangrill.de/,+49 7531 2820664,,,,"{""5"": ""36"", ""4"": ""3"", ""3"": ""0"", ""2"": ""1"", ""1"": ""3""}",[]
https://www.google.com/maps/place/Michiko+%E2%80%93+Asian+Dining+%26+Sushi+Lounge/data=!4m7!3m6!1s0x479af7abc1fc23f7:0xb7441e442d4a73c7!8m2!3d47.6730012!4d9.1834431!16s%2Fg%2F11rsg9sqx6!19sChIJ9yP8wav3mkcRx3NKLUQeRLc?authuser=0,0x479af7abc1fc23f7:0xb7441e442d4a73c7,47.6730012,9.1834431,Michiko – Asian Dining & Sushi Lounge,Sushi restaurant,4.2,,·€10–20,"Zähringerpl. 9, 78464 Konstanz, Germany",https://www.michiko-konstanz.de/,+49 7531 8910353,,,,"{""5"": ""338"", ""4"": ""92"", ""3"": ""37"", ""2"": ""30"", ""1"": ""42""}",[]
https://www.google.com/maps/place/Brasserie+Ignaz/data=!4m7!3m6!1s0x479af71c25cf5c2d:0x4194ac40e0227759!8m2!3d47.6589642!4d9.1766126!16s%2Fg%2F1hg508d01!19sChIJLVzPJRz3mkcRWXci4ECslEE?authuser=0,0x479af71c25cf5c2d:0x4194ac40e0227759,47.6589642,9.1766126,Brasserie Ignaz,European restaurant,4.3,,·€20–50,"Bahnhofpl. 6, 78462 Konstanz-Altstadt, Germany",http://www.brasserie-ignaz.de/,+49 7531 2827788,,,,"{""5"": ""928"", ""4"": ""369"", ""3"": ""119"", ""2"": ""55"", ""1"": ""78""}",[]
https://www.google.com/maps/place/Didi%27s/data=!4m7!3m6!1s0x479af7598a56bbc7:0x2ff25fa8995b12f0!8m2!3d47.6427595!4d9.2109712!16s%2Fg%2F11cp7gmcj0!19sChIJx7tWiln3mkcR8BJbmahf8i8?authuser=0,0x479af7598a56bbc7:0x2ff25fa8995b12f0,47.6427595,9.2109712,Didi's,Thai restaurant,4.6,,·CHF 20–30,"Seestrasse 46, 8598 Bottighofen, Switzerland",http://www.laithai-scherzingen.ch/,+41 79 304 80 46,,,,"{""5"": ""74"", ""4"": ""12"", ""3"": ""4"", ""2"": ""0"", ""1"": ""5""}",[]
https://www.google.com/maps/place/Landgasthof+Kreuz/data=!4m10!3m9!1s0x479a5f6b8e88fba3:0x4b3ce8cb8cc7478e!5m2!4m1!1i2!8m2!3d47.7345775!4d9.1168893!16s%2Fg%2F1vl5frcx!19sChIJo_uIjmtfmkcRjkfHjMvoPEs?authuser=0,0x479a5f6b8e88fba3:0x4b3ce8cb8cc7478e,47.7345775,9.1168893,Landgasthof Kreuz,,4.6,,·$$·Restaurant·,"Kapitän-Romer-Straße 1, 78465 Konstanz-Dettingen, Germany",https://www.familie-rommel.com/landgasthof-kreuz.html,+49 7533 932210,,,,"{""5"": ""598"", ""4"": ""129"", ""3"": ""35"", ""2"": ""14"", ""1"": ""15""}",[]
https://www.google.com/maps/place/Shoody+Caf%C3%A9+Bar/data=!4m7!3m6!1s0x479af7007da57149:0xeb1160b7a59f6c68!8m2!3d47.6692101!4d9.1811178!16s%2Fg%2F11lzhhfsfh!19sChIJSXGlfQD3mkcRaGyfpbdgEes?authuser=0,0x479af7007da57149:0xeb1160b7a59f6c68,47.6692101,9.1811178,Shoody Café Bar,Bar,5.0,,·€10–20,"Theodor-Heuss-Straße 5, 78467 Konstanz, Germany",https://shoody-bar.de/,+49 172 2527183,,,,"{""5"": ""103"", ""4"": ""0"", ""3"": ""0"", ""2"": ""0"", ""1"": ""0""}",[]
https://www.google.com/maps/place/Istanbul+Pizza+Kebab+Haus/data=!4m7!3m6!1s0x479af6fe27ac697d:0xb92a987dbf36913e!8m2!3d47.6702936!4d9.1761928!16s%2Fg%2F11cnc2wng4!19sChIJfWmsJ_72mkcRPpE2v32YKrk?authuser=0,0x479af6fe27ac697d:0xb92a987dbf36913e,47.6702936,9.1761928,Istanbul Pizza Kebab Haus,Turkish restaurant,4.4,,·€1–10,"Ebertpl. 5, 78467 Konstanz-Petershausen-West, Germany",https://grill-istanbul-kebab-konstanz.snack-online.com/,+49 7531 60702,,,,"{""5"": ""345"", ""4"": ""66"", ""3"": ""25"", ""2"": ""19"", ""1"": ""26""}",[]
https://www.google.com/maps/place/Meisterb%C3%A4ckerei+Schneckenburger/data=!4m7!3m6!1s0x479af7ade2cab249:0x238f22efd1ea03eb!8m2!3d47.6615761!4d9.1738817!16s%2Fg%2F11q1vsqmxl!19sChIJSbLK4q33mkcR6wPq0e8ijyM?authuser=0,0x479af7ade2cab249:0x238f22efd1ea03eb,47.6615761,9.1738817,Meisterbäckerei Schneckenburger,Bakery,4.0,,·€1–10,"Sankt-Stephans-Platz 4, 78462 Konstanz, Germany",http://www.meisterbaeckerei.de/,+49 7531 9167653,,,,"{""5"": ""60"", ""4"": ""31"", ""3"": ""11"", ""2"": ""10"", ""1"": ""9""}",[]
https://www.google.com/maps/place/Globetrotter+Bar-Restaurant/data=!4m7!3m6!1s0x479af71e48047841:0x38d16c39172a5b39!8m2!3d47.6569374!4d9.1736815!16s%2Fg%2F1tnmqply!19sChIJQXgESB73mkcROVsqFzls0Tg?authuser=0,0x479af71e48047841:0x38d16c39172a5b39,47.6569374,9.1736815,Globetrotter Bar-Restaurant,Bar & grill,4.6,,·€10–50,"Hüetlinstraße 14, 78462 Konstanz-Altstadt, Germany",http://www.globetrotter-bar.de/,+49 7531 23110,,,,"{""5"": ""335"", ""4"": ""68"", ""3"": ""10"", ""2"": ""5"", ""1"": ""13""}",[]
https://www.google.com/maps/place/the+bazaar+-+Konstanz/data=!4m7!3m6!1s0x479af7e43c6899d3:0x92865793187525e4!8m2!3d47.6569379!4d9.1761133!16s%2Fg%2F11sm_sdnkh!19sChIJ05loPOT3mkcR5CV1GJNXhpI?authuser=0,0x479af7e43c6899d3:0x92865793187525e4,47.6569379,9.1761133,the bazaar - Konstanz,Fast food restaurant,4.7,,·€1–10,"Bodanstraße 1, 78462 Konstanz, Germany",https://www.the-bazaar.de/,+49 173 5454182,,,,"{""5"": ""281"", ""4"": ""27"", ""3"": ""15"", ""2"": ""4"", ""1"": ""6""}",[]
https://www.google.com/maps/place/Theos+Caf%C3%A9+:%29/data=!4m7!3m6!1s0x479af70032389eed:0x640c6e550a86fb6f!8m2!3d47.6694294!4d9.1812742!16s%2Fg%2F11vqvsr_gc!19sChIJ7Z44MgD3mkcRb_uGClVuDGQ?authuser=0,0x479af70032389eed:0x640c6e550a86fb6f,47.6694294,9.1812742,Theos Café :),Cafe,4.8,,·€10–20,"Theodor-Heuss-Straße 9, 78467 Konstanz, Germany",http://www.theos-cafe.de/,+49 7531 9229560,,,,"{""5"": ""90"", ""4"": ""15"", ""3"": ""0"", ""2"": ""1"", ""1"": ""0""}",[]
"https://www.google.com/maps/place/Friedrichs+Brasserie,+Bar+%26+Lounge/data=!4m7!3m6!1s0x479af6f9acebb515:0xbf1c5d83c6db320a!8m2!3d47.6711446!4d9.1673489!16s%2Fg%2F11bc965x7k!19sChIJFbXrrPn2mkcRCjLbxoNdHL8?authuser=0",0x479af6f9acebb515:0xbf1c5d83c6db320a,47.6711446,9.1673489,"Friedrichs Brasserie, Bar & Lounge",Restaurant,4.5,,·$$$,"Reichenaustraße 17, 78467 Konstanz-Petershausen-West, Germany",https://www.friedrichs-brasserie.de/,+49 7531 12749777,,,,"{""5"": ""150"", ""4"": ""36"", ""3"": ""11"", ""2"": ""8"", ""1"": ""8""}",[]
https://www.google.com/maps/place/China+Restaurant+Konstanz/data=!4m7!3m6!1s0x479af71dde5a8fe3:0x734302837c128873!8m2!3d47.6604016!4d9.175316!16s%2Fg%2F1tgnl11l!19sChIJ449a3h33mkcRc4gSfIMCQ3M?authuser=0,0x479af71dde5a8fe3:0x734302837c128873,47.6604016,9.175316,China Restaurant Konstanz,Chinese restaurant,4.4,,·€20–30,"Marktstätte 28, 78462 Konstanz-Altstadt, Germany",http://www.china-restaurant-konstanz.de/,+49 7531 22413,,,,"{""5"": ""173"", ""4"": ""60"", ""3"": ""15"", ""2"": ""8"", ""1"": ""10""}",[]
https://www.google.com/maps/place/Gohan+-+Sushi+%26+asian+restaurant/data=!4m7!3m6!1s0x479af72d9899df4b:0x72027df4436435b6!8m2!3d47.6589649!4d9.1726466!16s%2Fg%2F11frnvl7km!19sChIJS9-ZmC33mkcRtjVkQ_R9AnI?authuser=0,0x479af72d9899df4b:0x72027df4436435b6,47.6589649,9.1726466,Gohan - Sushi & asian restaurant,Asian fusion restaurant,4.7,,·€20–30,"Bruderturmgasse 2, 78462 Konstanz-Altstadt, Germany",https://www.gohan-konstanz.de/,+49 7531 8049740,,,,"{""5"": ""593"", ""4"": ""131"", ""3"": ""12"", ""2"": ""11"", ""1"": ""14""}",[]
https://www.google.com/maps/place/Deli/data=!4m7!3m6!1s0x479af71e93e97ad3:0x242133c3a9c248b3!8m2!3d47.6567807!4d9.1764243!16s%2Fg%2F1tdj35dr!19sChIJ03rpkx73mkcRs0jCqcMzISQ?authuser=0,0x479af71e93e97ad3:0x242133c3a9c248b3,47.6567807,9.1764243,Deli,Sushi restaurant,4.1,,·€10–50,"Bodanstraße 1-3, 78462 Konstanz, Germany",http://www.deli-konstanz.de/,+49 7531 363710,,,,"{""5"": ""985"", ""4"": ""546"", ""3"": ""232"", ""2"": ""73"", ""1"": ""152""}",[]
https://www.google.com/maps/place/Kaffeer%C3%B6sterei+-+Special+Coffee+Roaster+Konstanz/data=!4m7!3m6!1s0x479af76cc0e94ac1:0xd8115cb1db06434d!8m2!3d47.6737496!4d9.1589501!16s%2Fg%2F11lrdwv950!19sChIJwUrpwGz3mkcRTUMG27FcEdg?authuser=0,0x479af76cc0e94ac1:0xd8115cb1db06434d,47.6737496,9.1589501,Kaffeerösterei - Special Coffee Roaster Konstanz,Coffee roastery,5.0,,,"Oberlohnstrasse 3 Neuwerk / zweites Obergeschoss Raum 26, 78467 Konstanz, Germany",http://www.specialcoffeeroasterkonstanz.de/,+49 163 8348738,,,,"{""5"": ""19"", ""4"": ""0"", ""3"": ""0"", ""2"": ""0"", ""1"": ""0""}",[]
https://www.google.com/maps/place/Khi-bar/data=!4m7!3m6!1s0x479af71c2e821d99:0x321ca4addad04437!8m2!3d47.6589969!4d9.176127!16s%2Fg%2F1tgprlgl!19sChIJmR2CLhz3mkcRN0TQ2q2kHDI?authuser=0,0x479af71c2e821d99:0x321ca4addad04437,47.6589969,9.176127,Khi-bar,Asian restaurant,4.6,,·€20–30,"Bahnhofstraße 6, 78462 Konstanz-Altstadt, Germany",https://m.facebook.com/Khi.Bar.Konstanz/?locale2=de_DE,+49 7531 8025422,,,,"{""5"": ""403"", ""4"": ""78"", ""3"": ""20"", ""2"": ""10"", ""1"": ""10""}",[]
https://www.google.com/maps/place/Milk+%26+Honey/data=!4m7!3m6!1s0x479af77a7563e1d9:0x927d4b7f5449831b!8m2!3d47.6587266!4d9.1736367!16s%2Fg%2F11g4f9_x9w!19sChIJ2eFjdXr3mkcRG4NJVH9LfZI?authuser=0,0x479af77a7563e1d9:0x927d4b7f5449831b,47.6587266,9.1736367,Milk & Honey,Cafe,4.7,,·€10–20,"Neugasse 13, 78462 Konstanz-Altstadt, Germany",http://www.milkandhoney.cafe/,+49 7531 8048348,,,,"{""5"": ""554"", ""4"": ""45"", ""3"": ""16"", ""2"": ""9"", ""1"": ""14""}",[]
https://www.google.com/maps/place/Restaurant+Le+C%C3%A8dre+Konstanz/data=!4m7!3m6!1s0x479af7a32438f4fd:0x6db54cc1fd3011bc!8m2!3d47.6689498!4d9.1618587!16s%2Fg%2F11k9kghsl0!19sChIJ_fQ4JKP3mkcRvBEw_cFMtW0?authuser=0,0x479af7a32438f4fd:0x6db54cc1fd3011bc,47.6689498,9.1618587,Restaurant Le Cèdre Konstanz,Lebanese restaurant,4.8,,·€20–30,"Winterersteig 23, 78462 Konstanz, Germany",https://restaurant-lecedre.de/HOME/,+49 7531 7171620,,,,"{""5"": ""799"", ""4"": ""68"", ""3"": ""19"", ""2"": ""6"", ""1"": ""8""}",[]
https://www.google.com/maps/place/Gallery+Lounge+Shisha+Bar+Konstanz/data=!4m7!3m6!1s0x479af68ae8193cb3:0x7cd636f7eb88ac28!8m2!3d47.6768023!4d9.1448146!16s%2Fg%2F11hbb8tjxy!19sChIJszwZ6Ir2mkcRKKyI6_c21nw?authuser=0,0x479af68ae8193cb3:0x7cd636f7eb88ac28,47.6768023,9.1448146,Gallery Lounge Shisha Bar Konstanz,Hookah bar,4.8,,·€10–20,"Fritz-Arnold-Straße 7, 78467 Konstanz, Germany",https://gallerylounge.de/,+49 162 4109184,,,,"{""5"": ""194"", ""4"": ""19"", ""3"": ""10"", ""2"": ""1"", ""1"": ""2""}",[]
https://www.google.com/maps/place/umami+%E2%80%93+Sushi+%26+Grill+%7C+Restaurant+Konstanz/data=!4m7!3m6!1s0x479af71dd21145b9:0xaee3c8349a83072d!8m2!3d47.6590405!4d9.1753856!16s%2Fg%2F1tf6_xtc!19sChIJuUUR0h33mkcRLQeDmjTI464?authuser=0,0x479af71dd21145b9:0xaee3c8349a83072d,47.6590405,9.1753856,umami – Sushi & Grill | Restaurant Konstanz,Sushi restaurant,4.5,,·€20–60,"Sigismundstraße 12, 78462 Konstanz-Altstadt, Germany",http://www.umami-konstanz.de/,+49 7531 2842149,,,,"{""5"": ""1,355"", ""4"": ""468"", ""3"": ""197"", ""2"": ""25"", ""1"": ""34""}",[]
https://www.google.com/maps/place/Thai+-+Restaurant+-+Sawasdee/data=!4m7!3m6!1s0x479af68a4fc37447:0xf097dce421577999!8m2!3d47.6738828!4d9.14869!16s%2Fg%2F1tg391yx!19sChIJR3TDT4r2mkcRmXlXIeTcl_A?authuser=0,0x479af68a4fc37447:0xf097dce421577999,47.6738828,9.14869,Thai - Restaurant - Sawasdee,Thai restaurant,4.7,,·€10–20,"Siemensstraße 5, 78467 Konstanz, Germany",http://sawasdee-konstanz.de/,+49 7531 8079280,,,,"{""5"": ""150"", ""4"": ""30"", ""3"": ""5"", ""2"": ""1"", ""1"": ""1""}",[]
https://www.google.com/maps/place/Brauhaus+Joh.+Albrecht/data=!4m7!3m6!1s0x479af702a1f673db:0x505b7757247889cc!8m2!3d47.6650112!4d9.1750085!16s%2Fg%2F1tc_vkrp!19sChIJ23P2oQL3mkcRzIl4JFd3W1A?authuser=0,0x479af702a1f673db:0x505b7757247889cc,47.6650112,9.1750085,Brauhaus Joh. Albrecht,German restaurant,4.1,,·€20–30,"Konradigasse 2, 78462 Konstanz-Altstadt, Germany",https://www.brauhaus-joh-albrecht.de/konstanz/,+49 7531 25045,,,,"{""5"": ""656"", ""4"": ""287"", ""3"": ""107"", ""2"": ""68"", ""1"": ""106""}",[]
https://www.google.com/maps/place/Miss+Saigon/data=!4m7!3m6!1s0x479af6e19543bd0f:0xaca703f7bc82f84b!8m2!3d47.658512!4d9.1679192!16s%2Fg%2F11clv5xjl9!19sChIJD71DleH2mkcRS_iCvPcDp6w?authuser=0,0x479af6e19543bd0f:0xaca703f7bc82f84b,47.658512,9.1679192,Miss Saigon,Vietnamese restaurant,4.5,,·€10–20,"Döbelestraße 3, 78462 Konstanz-Altstadt, Germany",http://www.asia-konstanz.de/,+49 7531 919047,,,,"{""5"": ""395"", ""4"": ""143"", ""3"": ""28"", ""2"": ""21"", ""1"": ""17""}",[]
https://www.google.com/maps/place/NooriFood/data=!4m7!3m6!1s0x479af7859dbaf401:0x62d2e10ebec753c4!8m2!3d47.6741727!4d9.1485003!16s%2Fg%2F11stghzkj6!19sChIJAfS6nYX3mkcRxFPHvg7h0mI?authuser=0,0x479af7859dbaf401:0x62d2e10ebec753c4,47.6741727,9.1485003,NooriFood,Restaurant,4.5,,·€1–10,"Siemensstraße 6A, 78467 Konstanz, Germany",,+49 7531 9596540,,,,"{""5"": ""78"", ""4"": ""5"", ""3"": ""3"", ""2"": ""0"", ""1"": ""8""}",[]
https://www.google.com/maps/place/Mestiza/data=!4m7!3m6!1s0x479af764acaebc89:0xf92f3d2541f3b0!8m2!3d47.6600174!4d9.1717117!16s%2Fg%2F11flw_8t08!19sChIJibyurGT3mkcRsPNBJT0v-QA?authuser=0,0x479af764acaebc89:0xf92f3d2541f3b0,47.6600174,9.1717117,Mestiza,Latin American restaurant,4.6,,·€20–30,"Hieronymusgasse 6, 78462 Konstanz-Altstadt, Germany",https://www.mestiza-konstanz.de/,+49 7531 9911104,,,,"{""5"": ""573"", ""4"": ""101"", ""3"": ""37"", ""2"": ""21"", ""1"": ""17""}",[]
https://www.google.com/maps/place/US-MEX+Terraza+Kreuzlingen/data=!4m7!3m6!1s0x479af7fa33f9f081:0xd80f4659bc845836!8m2!3d47.6550866!4d9.1819966!16s%2Fg%2F11nm9tkhmv!19sChIJgfD5M_r3mkcRNliEvFlGD9g?authuser=0,0x479af7fa33f9f081:0xd80f4659bc845836,47.6550866,9.1819966,US-MEX Terraza Kreuzlingen,Restaurant,4.2,,·CHF 20–30,"Seeweg Richtung Konstanz (vor Bodenseearena, Seestrasse 11B/2, 8280 Kreuzlingen, Switzerland",http://www.usmex-terraza.ch/,+41 71 511 29 30,,,,"{""5"": ""116"", ""4"": ""40"", ""3"": ""19"", ""2"": ""12"", ""1"": ""13""}",[]
https://www.google.com/maps/place/Stromeyer+-+Die+Bleiche+Restaurant/data=!4m7!3m6!1s0x479af6f3f34a92f5:0x19384d01f6b1a0a9!8m2!3d47.6697222!4d9.1561111!16s%2Fg%2F1tcxc546!19sChIJ9ZJK8_P2mkcRqaCx9gFNOBk?authuser=0,0x479af6f3f34a92f5:0x19384d01f6b1a0a9,47.6697222,9.1561111,Stromeyer - Die Bleiche Restaurant,Restaurant,4.3,,·€20–30,"Bleicherstraße 8, 78467 Konstanz, Germany",http://www.stromeyer-restaurant.de/,+49 7531 8138531,,,,"{""5"": ""751"", ""4"": ""392"", ""3"": ""154"", ""2"": ""54"", ""1"": ""12""}",[]
https://www.google.com/maps/place/Restaurant+Ginza/data=!4m7!3m6!1s0x479af65fc447825f:0xdc3806496872197f!8m2!3d47.6770886!4d9.1546556!16s%2Fg%2F11h03dgrk!19sChIJX4JHxF_2mkcRfxlyaEkGONw?authuser=0,0x479af65fc447825f:0xdc3806496872197f,47.6770886,9.1546556,Restaurant Ginza,Chinese restaurant,4.3,,·€20–30,"Opelstraße 6, 78467 Konstanz-Fürstenberg, Germany",http://www.restaurantginza.de/,+49 7531 8134987,,,,"{""5"": ""636"", ""4"": ""496"", ""3"": ""24"", ""2"": ""14"", ""1"": ""78""}",[]
https://www.google.com/maps/place/Kolbenfresser/data=!4m7!3m6!1s0x479af65bc0831635:0x18bebdefff347ebc!8m2!3d47.6807908!4d9.1629404!16s%2Fg%2F11bbrj6w3f!19sChIJNRaDwFv2mkcRvH40_--9vhg?authuser=0,0x479af65bc0831635:0x18bebdefff347ebc,47.6807908,9.1629404,Kolbenfresser,Pub,4.6,,·€10–20,"Fürstenbergstraße 127, 78467 Konstanz-Fürstenberg, Germany",http://www.kolbenfresser-konstanz.de/,+49 7531 80241180,,,,"{""5"": ""332"", ""4"": ""90"", ""3"": ""11"", ""2"": ""3"", ""1"": ""14""}",[]
https://www.google.com/maps/place/Restaurant+Caf%C3%A9+Casablanca/data=!4m7!3m6!1s0x479af71dc3d4a7df:0xa0d9112cb8cb34b6!8m2!3d47.6601616!4d9.1752625!16s%2Fg%2F1tdk913b!19sChIJ36fUwx33mkcRtjTLuCwR2aA?authuser=0,0x479af71dc3d4a7df:0xa0d9112cb8cb34b6,47.6601616,9.1752625,Restaurant Café Casablanca,Italian restaurant,4.5,,·€20–30,"Marktstätte 15, 78462 Konstanz-Altstadt, Germany",https://www.casablanca-kn.de/menu-ch8j,+49 7531 16652,,,,"{""5"": ""858"", ""4"": ""274"", ""3"": ""112"", ""2"": ""45"", ""1"": ""14""}",[]
https://www.google.com/maps/place/BOX+To+Go/data=!4m7!3m6!1s0x479af7692a1424a1:0xb77acdc20078e7be!8m2!3d47.6591962!4d9.1743108!16s%2Fg%2F11f8h9xltp!19sChIJoSQUKmn3mkcRvud4AMLNerc?authuser=0,0x479af7692a1424a1:0xb77acdc20078e7be,47.6591962,9.1743108,BOX To Go,,4.2,,·€1–10,"Ob. Augustinergasse 2, 78462 Konstanz-Altstadt, Germany",,+49 7531 2845549,,,,"{""5"": ""220"", ""4"": ""59"", ""3"": ""30"", ""2"": ""14"", ""1"": ""32""}",[]
https://www.google.com/maps/place/RIVA+-+Das+Hotel+am+Bodensee/data=!4m10!3m9!1s0x479af705ff82d957:0x62c0560470f088!5m2!4m1!1i2!8m2!3d47.6675083!4d9.1878444!16s%2Fg%2F1tdm793b!19sChIJV9mC_wX3mkcRiPBwBFbAYgA?authuser=0,0x479af705ff82d957:0x62c0560470f088,47.6675083,9.1878444,RIVA - Das Hotel am Bodensee,,4.5,838,· $$$$,"Seestraße 25, 78464 Konstanz-Petershausen-Ost, Germany",https://www.hotel-riva.de/,+49 7531 363090,,,,"{""5"": ""617"", ""4"": ""121"", ""3"": ""41"", ""2"": ""19"", ""1"": ""43""}",[]
https://www.google.com/maps/place/D%C3%B6ner+King/data=!4m7!3m6!1s0x479af71cfa12cc03:0x60955c82d8d579f9!8m2!3d47.6741244!4d9.1485352!16s%2Fg%2F11w_dhth4q!19sChIJA8wS-hz3mkcR-XnV2IJclWA?authuser=0,0x479af71cfa12cc03:0x60955c82d8d579f9,47.6741244,9.1485352,Döner King,Doner kebab restaurant,4.8,,·€1–10,"Siemensstraße 6a, 78467 Konstanz, Germany",,+49 7531 9411414,,,,"{""5"": ""316"", ""4"": ""13"", ""3"": ""4"", ""2"": ""1"", ""1"": ""9""}",[]
https://www.google.com/maps/place/Kemos+Restaurant+-+Balkan+Essen/data=!4m7!3m6!1s0x479af796b28bbbb9:0xec88f8927e551153!8m2!3d47.6798349!4d9.1512625!16s%2Fg%2F11rz5bb1p1!19sChIJubuLspb3mkcRUxFVfpL4iOw?authuser=0,0x479af796b28bbbb9:0xec88f8927e551153,47.6798349,9.1512625,Kemos Restaurant - Balkan Essen,Barbecue restaurant,4.9,,·€10–20,"Max-Stromeyer-Straße 176, 78467 Konstanz, Germany",http://www.kemosrestaurant.com/,+49 176 73279444,,,,"{""5"": ""666"", ""4"": ""29"", ""3"": ""15"", ""2"": ""3"", ""1"": ""5""}",[]
https://www.google.com/maps/place/Restaurant+Anglerstuben/data=!4m7!3m6!1s0x479af6f9ca8870a7:0xd87e8b61cd07ba61!8m2!3d47.6716287!4d9.1600159!16s%2Fg%2F1vq9l7s6!19sChIJp3CIyvn2mkcRYboHzWGLftg?authuser=0,0x479af6f9ca8870a7:0xd87e8b61cd07ba61,47.6716287,9.1600159,Restaurant Anglerstuben,German restaurant,4.8,,·€100+,"Reichenaustraße 51, 78467 Konstanz, Germany",http://www.anglerstuben.com/,+49 7531 8180487,,,,"{""5"": ""450"", ""4"": ""57"", ""3"": ""13"", ""2"": ""10"", ""1"": ""4""}",[]
https://www.google.com/maps/place/Ramen+Tatsumi-tei/data=!4m7!3m6!1s0x479af748ac6c4ef9:0x365a171418af0d44!8m2!3d47.6567509!4d9.1737119!16s%2Fg%2F11xl91djp9!19sChIJ-U5srEj3mkcRRA2vGBQXWjY?authuser=0,0x479af748ac6c4ef9:0x365a171418af0d44,47.6567509,9.1737119,Ramen Tatsumi-tei,Ramen restaurant,4.4,,·€20–30,"Hüetlinstraße 23, 78462 Konstanz, Germany",https://ramen-tatsumi-tei.de/,+49 7531 9917717,,,,"{""5"": ""72"", ""4"": ""8"", ""3"": ""6"", ""2"": ""3"", ""1"": ""8""}",[]
https://www.google.com/maps/place/Breakfast+at+Emma%27s/data=!4m7!3m6!1s0x479af7a86e174d7f:0xd7e1938dcb76cc83!8m2!3d47.6573715!4d9.1756895!16s%2Fg%2F11k9bljym1!19sChIJf00Xbqj3mkcRg8x2y42T4dc?authuser=0,0x479af7a86e174d7f:0xd7e1938dcb76cc83,47.6573715,9.1756895,Breakfast at Emma's,Breakfast restaurant,4.8,,·€10–20,"Lago Shopping Center, Bodanstraße 1, 78464 Konstanz, Germany",,+49 7531 8911187,,,,"{""5"": ""126"", ""4"": ""17"", ""3"": ""4"", ""2"": ""1"", ""1"": ""1""}",[]
https://www.google.com/maps/place/Saigon+1996/data=!4m7!3m6!1s0x479af7db99049fe5:0xe3ad72ee0e2d3af8!8m2!3d47.6736067!4d9.1833589!16s%2Fg%2F11jzkrfrn3!19sChIJ5Z8Emdv3mkcR-DotDu5yreM?authuser=0,0x479af7db99049fe5:0xe3ad72ee0e2d3af8,47.6736067,9.1833589,Saigon 1996,Vietnamese restaurant,4.7,,·€1–10,"Zähringerpl. 15, 78464 Konstanz, Germany",https://www.saigon1996.de/,+49 7531 8910554,,,,"{""5"": ""62"", ""4"": ""7"", ""3"": ""1"", ""2"": ""1"", ""1"": ""2""}",[]
https://www.google.com/maps/place/Schwarze+Katz/data=!4m7!3m6!1s0x479af6e2ab136add:0xbac16cebcbe1c4d2!8m2!3d47.663593!4d9.1738642!16s%2Fg%2F1tnsqxc5!19sChIJ3WoTq-L2mkcR0sThy-tswbo?authuser=0,0x479af6e2ab136add:0xbac16cebcbe1c4d2,47.663593,9.1738642,Schwarze Katz,Bar,4.5,,·€10–50,"Katzgasse 8, 78462 Konstanz-Altstadt, Germany",http://www.schwarzekatz.bar/,+49 7531 9764277,,,,"{""5"": ""153"", ""4"": ""42"", ""3"": ""15"", ""2"": ""0"", ""1"": ""10""}",[]
https://www.google.com/maps/place/Imperial+Indian+Palace/data=!4m7!3m6!1s0x479af6e1c4fac0e3:0xd9798f175a48916a!8m2!3d47.6573069!4d9.1710415!16s%2Fg%2F12lsmy3mj!19sChIJ48D6xOH2mkcRapFIWhePedk?authuser=0,0x479af6e1c4fac0e3:0xd9798f175a48916a,47.6573069,9.1710415,Imperial Indian Palace,Indian restaurant,4.0,,·€20–30,"Emmishofer Str. 1, 78462 Konstanz, Germany",http://imperial-kn.de/,+49 7531 9168180,,,,"{""5"": ""196"", ""4"": ""53"", ""3"": ""23"", ""2"": ""19"", ""1"": ""41""}",[]
https://www.google.com/maps/place/Cengos+Steakhouse/data=!4m7!3m6!1s0x479af790ca371197:0x9a6b48d40a71857c!8m2!3d47.6571974!4d9.1740031!16s%2Fg%2F11h5mkspcg!19sChIJlxE3ypD3mkcRfIVxCtRIa5o?authuser=0,0x479af790ca371197:0x9a6b48d40a71857c,47.6571974,9.1740031,Cengos Steakhouse,Restaurant,4.5,,·€30–80,"Hüetlinstraße 8a, 78462 Konstanz-Altstadt, Germany",http://www.cengos-steakhouse.de/,+49 7531 9181567,,,,"{""5"": ""360"", ""4"": ""67"", ""3"": ""22"", ""2"": ""14"", ""1"": ""17""}",[]
https://www.google.com/maps/place/Mi+Mi+Sa/data=!4m7!3m6!1s0x47900a9a35c08dd7:0x4588df19bbef1317!8m2!3d47.4193259!4d8.5470586!16s%2Fg%2F11bw1wh6jt!19sChIJ143ANZoKkEcRFxPvuxnfiEU?authuser=0,0x47900a9a35c08dd7:0x4588df19bbef1317,47.4193259,8.5470586,Mi Mi Sa,Korean restaurant,4.5,,·CHF 20–30,"Bahnhaldenstrasse 2, 8052 Zürich, Switzerland",https://m.facebook.com/pages/Mi-Mi-Sa/1095398007148929,+41 43 299 92 67,,,,"{""5"": ""300"", ""4"": ""70"", ""3"": ""22"", ""2"": ""6"", ""1"": ""23""}",[]
https://www.google.com/maps/place/Caf%C3%A9+Rosgarten+Konditorei+%26+Restaurant/data=!4m7!3m6!1s0x479af71de8b4a5cb:0x73ee3f2d375f8154!8m2!3d47.6595459!4d9.1747874!16s%2Fg%2F1hc46tcb9!19sChIJy6W06B33mkcRVIFfNy0_7nM?authuser=0,0x479af71de8b4a5cb:0x73ee3f2d375f8154,47.6595459,9.1747874,Café Rosgarten Konditorei & Restaurant,Cafe,4.3,,·€10–20,"Rosgartenstraße 9, 78462 Konstanz-Altstadt, Germany",http://www.rosgarten-cafe.de/,+49 7531 24700,,,,"{""5"": ""423"", ""4"": ""187"", ""3"": ""58"", ""2"": ""22"", ""1"": ""44""}",[]
https://www.google.com/maps/place/Georg%27s+Fischerh%C3%BCtte+Fischrestaurant/data=!4m7!3m6!1s0x479af549626e1a0d:0xe6c28fa09506edf!8m2!3d47.7072238!4d9.0452954!16s%2Fg%2F1pv6z8375!19sChIJDRpuYkn1mkcR325QCfoobA4?authuser=0,0x479af549626e1a0d:0xe6c28fa09506edf,47.7072238,9.0452954,Georg's Fischerhütte Fischrestaurant,Seafood restaurant,4.6,,·€20–30,"Fischergasse 5 78479 Konstanz, Reichenau, Germany",https://www.georgs-fischerhuette-reichenau.de/,+49 7534 7169,,,,"{""5"": ""957"", ""4"": ""360"", ""3"": ""116"", ""2"": ""5"", ""1"": ""7""}",[]
https://www.google.com/maps/place/Old+Mary%27s+Pub/data=!4m7!3m6!1s0x410879f74eac4ed9:0x9501d4d24fc2d64a!8m2!3d47.6572281!4d9.171821!16s%2Fg%2F1vs1qvly!19sChIJ2U6sTvd5CEERStbCT9LUAZU?authuser=0,0x410879f74eac4ed9:0x9501d4d24fc2d64a,47.6572281,9.171821,Old Mary's Pub,Gastropub,4.7,,·€10–20,"Kreuzlinger Str. 19, 78462 Konstanz-Altstadt, Germany",http://oldmaryspub.de/,+49 7531 8048471,,,,"{""5"": ""393"", ""4"": ""107"", ""3"": ""5"", ""2"": ""4"", ""1"": ""6""}",[]
https://www.google.com/maps/place/Ristorante+L%C3%B6hlinbad/data=!4m7!3m6!1s0x479af6fd78cf12e1:0x16a63b3d993e8c7d!8m2!3d47.666469!4d9.175116!16s%2Fg%2F1vs5vpfv!19sChIJ4RLPeP32mkcRfYw-mT07phY?authuser=0,0x479af6fd78cf12e1:0x16a63b3d993e8c7d,47.666469,9.175116,Ristorante Löhlinbad,Italian restaurant,4.6,,·€30–40,"u. Laube 9, 78462 Konstanz-Altstadt, Germany",https://www.facebook.com/Ristorante-L%C3%B6hlinbad-254491904749101/,+49 7531 16246,,,,"{""5"": ""129"", ""4"": ""25"", ""3"": ""13"", ""2"": ""1"", ""1"": ""2""}",[]
https://www.google.com/maps/place/NUDELBOX+Da+Nico+Pizza+%26+Pasta/data=!4m7!3m6!1s0x479af79e2c2483cf:0x87869779b0dc7213!8m2!3d47.6724845!4d9.1831401!16s%2Fg%2F11fj6x34_t!19sChIJz4MkLJ73mkcRE3LcsHmXhoc?authuser=0,0x479af79e2c2483cf:0x87869779b0dc7213,47.6724845,9.1831401,NUDELBOX Da Nico Pizza & Pasta,Takeout Restaurant,4.3,,·€10–20,"Zähringerpl. 9, 78464 Konstanz, Germany",https://www.instagram.com/pizza_e_pasta_danico?igsh=MWFtNW53cnVrbzNoMw==,+49 7531 8910454,,,,"{""5"": ""146"", ""4"": ""11"", ""3"": ""10"", ""2"": ""2"", ""1"": ""22""}",[]
https://www.google.com/maps/place/Mr.Burger+Konstanz/data=!4m7!3m6!1s0x4f8e7f53d0853e2b:0xf385bbb138bf1519!8m2!3d47.6903242!4d9.1465485!16s%2Fg%2F11splghw_2!19sChIJKz6F0FN_jk8RGRW_OLG7hfM?authuser=0,0x4f8e7f53d0853e2b:0xf385bbb138bf1519,47.6903242,9.1465485,Mr.Burger Konstanz,Hamburger restaurant,2.4,,·€10–20,"Radolfzeller Straße 19.a, 78467 Konstanz, Germany",,+49 7531 44444,,,,"{""5"": ""12"", ""4"": ""1"", ""3"": ""2"", ""2"": ""1"", ""1"": ""23""}",[]
https://www.google.com/maps/place/O+Sole+Mio/data=!4m7!3m6!1s0x479af71e86fa68cf:0xd2d094bffb41a068!8m2!3d47.6580137!4d9.1757214!16s%2Fg%2F1tgqhd2s!19sChIJz2j6hh73mkcRaKBB-7-U0NI?authuser=0,0x479af71e86fa68cf:0xd2d094bffb41a068,47.6580137,9.1757214,O Sole Mio,Italian restaurant,4.1,,·€10–20,"Bodanstraße 8, 78462 Konstanz, Germany",http://www.osolemio-konstanz.de/,+49 7531 22602,,,,"{""5"": ""662"", ""4"": ""235"", ""3"": ""114"", ""2"": ""60"", ""1"": ""105""}",[]
https://www.google.com/maps/place/Caf%C3%A9+Restaurant+Antik/data=!4m7!3m6!1s0x479af6e2763b58a3:0x768f2b31e2924af0!8m2!3d47.6605459!4d9.173172!16s%2Fg%2F1td1tf1m!19sChIJo1g7duL2mkcR8EqS4jErj3Y?authuser=0,0x479af6e2763b58a3:0x768f2b31e2924af0,47.6605459,9.173172,Café Restaurant Antik,Turkish restaurant,4.6,,·€10–20,"Hussenstraße 3, 78462 Konstanz-Altstadt, Germany",https://antik-konstanz.de/,+49 7531 9768346,,,,"{""5"": ""929"", ""4"": ""287"", ""3"": ""79"", ""2"": ""10"", ""1"": ""8""}",[]
https://www.google.com/maps/place/St%C3%BCblix/data=!4m7!3m6!1s0x479af70044729281:0x4ea6156c83bfc47c!8m2!3d47.6609916!4d9.1751236!16s%2Fg%2F11xfhpypry!19sChIJgZJyRAD3mkcRfMS_g2wVpk4?authuser=0,0x479af70044729281:0x4ea6156c83bfc47c,47.6609916,9.1751236,Stüblix,Bar,5.0,1,·€1–10,"Münzgasse 23, 78462 Konstanz-Altstadt, Germany",, Send to phone,,,,"{""5"": ""10"", ""4"": ""0"", ""3"": ""0"", ""2"": ""0"", ""1"": ""0""}",[]
https://www.google.com/maps/place/Bo+Dai+Tei+%7C+More+than+Sushi+-+since+2005/data=!4m7!3m6!1s0x479af97217daae41:0x309e3af7d1a86073!8m2!3d47.6954319!4d9.2730032!16s%2Fg%2F11fkjf_szw!19sChIJQa7aF3L5mkcRc2Co0fc6njA?authuser=0,0x479af97217daae41:0x309e3af7d1a86073,47.6954319,9.2730032,Bo Dai Tei | More than Sushi - since 2005,Sushi restaurant,4.7,,·€20–30,"Stettener Str. 3, 88709 Meersburg, Germany",https://www.sushibar-bodaitei.de/,+49 7532 4464391,,,,"{""5"": ""156"", ""4"": ""11"", ""3"": ""2"", ""2"": ""5"", ""1"": ""6""}",[]
https://www.google.com/maps/place/Pizzeria+Mamma+Mia/data=!4m7!3m6!1s0x479af7000cb799a3:0x8c3d5b2e13bb474a!8m2!3d47.659833!4d9.1734174!16s%2Fg%2F11w3sdkphj!19sChIJo5m3DAD3mkcRSke7Ey5bPYw?authuser=0,0x479af7000cb799a3:0x8c3d5b2e13bb474a,47.659833,9.1734174,Pizzeria Mamma Mia,Italian restaurant,4.6,,·€20–30,"Augustinerplatz 5, 78462 Konstanz, Germany",https://mamma-mia-konstanz.de/,+49 7531 8027181,,,,"{""5"": ""210"", ""4"": ""23"", ""3"": ""12"", ""2"": ""6"", ""1"": ""8""}",[]
https://www.google.com/maps/place/ENI+Grill/data=!4m7!3m6!1s0x479af700679a559f:0xff63c596de4b0e92!8m2!3d47.6769215!4d9.1478874!16s%2Fg%2F11ml9q9jcw!19sChIJn1WaZwD3mkcRkg5L3pbFY_8?authuser=0,0x479af700679a559f:0xff63c596de4b0e92,47.6769215,9.1478874,ENI Grill,Snack bar,4.0,1,,"Carl-Benz-Straße, 78467 Konstanz-Fürstenberg, Germany",, Send to phone,,,,"{""5"": ""3"", ""4"": ""0"", ""3"": ""0"", ""2"": ""0"", ""1"": ""1""}",[]
https://www.google.com/maps/place/Grillplatz+Litzelstetten+Purren/data=!4m7!3m6!1s0x479a58a120ba78c1:0x9134e05a17026e02!8m2!3d47.7167112!4d9.1623628!16s%2Fg%2F11bzt29mrm!19sChIJwXi6IKFYmkcRAm4CF1rgNJE?authuser=0,0x479a58a120ba78c1:0x9134e05a17026e02,47.7167112,9.1623628,Grillplatz Litzelstetten Purren,Barbecue area,4.5,,,"Zum Purren 32, 78465 Konstanz-Litzelstetten, Germany",https://www.instagram.com/jordinikoui?igsh=MWwyOGt1b2lqbnZpcg==, Send to phone,,,,"{""5"": ""46"", ""4"": ""17"", ""3"": ""6"", ""2"": ""1"", ""1"": ""1""}",[]
https://www.google.com/maps/place/Curry-Constanz/data=!4m7!3m6!1s0x479af6588d2ac235:0x1d8997ac159cbd25!8m2!3d47.6759109!4d9.1620779!16s%2Fg%2F11cn5kkylx!19sChIJNcIqjVj2mkcRJb2cFayXiR0?authuser=0,0x479af6588d2ac235:0x1d8997ac159cbd25,47.6759109,9.1620779,Curry-Constanz,Snack bar,4.4,,·€1–10,"Max-Stromeyer-Straße 126, 78467 Konstanz, Germany",,+49 7531 1272040,,,,"{""5"": ""249"", ""4"": ""69"", ""3"": ""34"", ""2"": ""12"", ""1"": ""16""}",[]
https://www.google.com/maps/place/Bloggers/data=!4m7!3m6!1s0x479af72a97c7fc81:0x5520e964caa5585a!8m2!3d47.662666!4d9.173741!16s%2Fg%2F11j4djxz5t!19sChIJgfzHlyr3mkcRWlilymTpIFU?authuser=0,0x479af72a97c7fc81:0x5520e964caa5585a,47.662666,9.173741,Bloggers,Breakfast restaurant,4.7,,·€10–20,"Sankt-Stephans-Platz 25, 78462 Konstanz-Altstadt, Germany",http://www.bloggers-kn.de/,+49 7531 3028821,,,,"{""5"": ""452"", ""4"": ""62"", ""3"": ""25"", ""2"": ""13"", ""1"": ""6""}",[]
https://www.google.com/maps/place/B%C3%AAp+Vi%C3%AAt/data=!4m7!3m6!1s0x479af650d1a39d67:0x5b70c87bf1e96824!8m2!3d47.6794492!4d9.1694554!16s%2Fg%2F11ggndhpm5!19sChIJZ52j0VD2mkcRJGjp8XvIcFs?authuser=0,0x479af650d1a39d67:0x5b70c87bf1e96824,47.6794492,9.1694554,Bêp Viêt,Vietnamese restaurant,4.7,,·€10–20,"Wollmatinger Str. 80, 78467 Konstanz-Petershausen-West, Germany",https://www.bep-viet-konstanz.com/,+49 7531 9361800,,,,"{""5"": ""596"", ""4"": ""97"", ""3"": ""19"", ""2"": ""10"", ""1"": ""21""}",[]
https://www.google.com/maps/place/Kuyu+Kebap/data=!4m7!3m6!1s0x479af6e1bff66925:0x3135f3956476ea6c!8m2!3d47.6577416!4d9.1705049!16s%2Fg%2F1tk6p9b2!19sChIJJWn2v-H2mkcRbOp2ZJXzNTE?authuser=0,0x479af6e1bff66925:0x3135f3956476ea6c,47.6577416,9.1705049,Kuyu Kebap,Turkish restaurant,3.9,,·€1–10,"Kreuzlinger Str. 18, 78462 Konstanz-Altstadt, Germany",,+49 7531 25952,,,,"{""5"": ""245"", ""4"": ""69"", ""3"": ""46"", ""2"": ""28"", ""1"": ""66""}",[]
https://www.google.com/maps/place/King+Schultz+Bar/data=!4m7!3m6!1s0x479af74795cf1c59:0xa4f36822e40c57f2!8m2!3d47.6587439!4d9.1731814!16s%2Fg%2F11srmk5kb8!19sChIJWRzPlUf3mkcR8lcM5CJo86Q?authuser=0,0x479af74795cf1c59:0xa4f36822e40c57f2,47.6587439,9.1731814,King Schultz Bar,Bar,4.8,,·€10–20,"Neugasse 23, 78462 Konstanz-Altstadt, Germany",https://www.kingschultz.de/,+49 7531 9227113,,,,"{""5"": ""111"", ""4"": ""6"", ""3"": ""0"", ""2"": ""1"", ""1"": ""3""}",[]
https://www.google.com/maps/place/La+Bruschetta+cucina+di+casa/data=!4m7!3m6!1s0x479af75eac08e2a1:0x25e7e93b90cbc5cb!8m2!3d47.6585185!4d9.1701971!16s%2Fg%2F11ldx53hlf!19sChIJoeIIrF73mkcRy8XLkDvp5yU?authuser=0,0x479af75eac08e2a1:0x25e7e93b90cbc5cb,47.6585185,9.1701971,La Bruschetta cucina di casa,Italian restaurant,4.7,,·€40–80,"Ob. Laube 64, 78462 Konstanz, Germany",,+49 176 35476654,,,,"{""5"": ""50"", ""4"": ""1"", ""3"": ""1"", ""2"": ""0"", ""1"": ""3""}",[]
https://www.google.com/maps/place/Endlicht/data=!4m7!3m6!1s0x479af6fc5d08f4dd:0xa9485d2b733e2071!8m2!3d47.6669704!4d9.1707799!16s%2Fg%2F11bws8c088!19sChIJ3fQIXfz2mkcRcSA-cytdSKk?authuser=0,0x479af6fc5d08f4dd:0xa9485d2b733e2071,47.6669704,9.1707799,Endlicht,Cafe,4.8,,·€1–10,"Rheingutstraße 24, 78462 Konstanz, Germany",https://www.htwg-konstanz.de/hochschule/einrichtungen/cafe-endlicht, Send to phone,,,,"{""5"": ""48"", ""4"": ""4"", ""3"": ""1"", ""2"": ""0"", ""1"": ""1""}",[]
https://www.google.com/maps/place/Gastst%C3%A4tte+Laugele/data=!4m7!3m6!1s0x479af71c559145f3:0x538fcc1a7c2a0b8c!8m2!3d47.6609751!4d9.176633!16s%2Fg%2F1tds5p2p!19sChIJ80WRVRz3mkcRjAsqfBrMj1M?authuser=0,0x479af71c559145f3:0x538fcc1a7c2a0b8c,47.6609751,9.176633,Gaststätte Laugele,Italian restaurant,4.3,,·€10–20,"Brotlaube 4, 78462 Konstanz, Germany",https://www.laugele.com/,+49 7531 6975220,,,,"{""5"": ""291"", ""4"": ""83"", ""3"": ""28"", ""2"": ""18"", ""1"": ""30""}",[]
https://www.google.com/maps/place/Brasserie+Colette+Tim+Raue/data=!4m7!3m6!1s0x479af71c53e2e9c9:0x3df7da3899d3a753!8m2!3d47.6607978!4d9.1766844!16s%2Fg%2F1tfm0fdv!19sChIJyeniUxz3mkcRU6fTmTja9z0?authuser=0,0x479af71c53e2e9c9:0x3df7da3899d3a753,47.6607978,9.1766844,Brasserie Colette Tim Raue,,4.6,,·€100+,"Brotlaube 2A, 78462 Konstanz-Altstadt, Germany",https://brasseriecolette.de/konstanz,+49 7531 1285107,,,,"{""5"": ""666"", ""4"": ""122"", ""3"": ""40"", ""2"": ""19"", ""1"": ""24""}",[]
https://www.google.com/maps/place/Goodways+Coffee/data=!4m7!3m6!1s0x479af70ea8be43fb:0x435b73455f8b6a57!8m2!3d47.6609344!4d9.1764645!16s%2Fg%2F11tx5xqh_9!19sChIJ-0O-qA73mkcRV2qLX0VzW0M?authuser=0,0x479af70ea8be43fb:0x435b73455f8b6a57,47.6609344,9.1764645,Goodways Coffee,Cafe,4.6,,·€10–20,"Münzgasse 1, 78462 Konstanz, Germany",https://www.goodwayscoffee.com/,+49 7531 8911330,,,,"{""5"": ""220"", ""4"": ""52"", ""3"": ""11"", ""2"": ""6"", ""1"": ""10""}",[]
https://www.google.com/maps/place/La+Terraza/data=!4m7!3m6!1s0x479af754d6e439e5:0x7b78c6b702b45956!8m2!3d47.6665326!4d9.1964774!16s%2Fg%2F11f7rkyw0d!19sChIJ5Tnk1lT3mkcRVlm0ArfGeHs?authuser=0,0x479af754d6e439e5:0x7b78c6b702b45956,47.6665326,9.1964774,La Terraza,Restaurant,4.1,,·€10–20,"Eichhornstraße 52, 78464 Konstanz, Germany",http://www.la-terraza-konstanz.de/,+49 7531 63802,,,,"{""5"": ""195"", ""4"": ""72"", ""3"": ""32"", ""2"": ""11"", ""1"": ""35""}",[]
https://www.google.com/maps/place/Tiny+Thao+Vietnamese+Bar+%26+Restaurant/data=!4m7!3m6!1s0x479af71552e071cf:0x284bef5fb4f77f5!8m2!3d47.6802112!4d9.1639116!16s%2Fg%2F11n43ng0jp!19sChIJz3HgUhX3mkcR9XdP-_W-hAI?authuser=0,0x479af71552e071cf:0x284bef5fb4f77f5,47.6802112,9.1639116,Tiny Thao Vietnamese Bar & Restaurant,Restaurant,4.8,,·€30–40,"Wollmatinger Str. 183, 78467 Konstanz, Germany",http://www.tinythaokonstanz.de/,+49 7531 9220303,,,,"{""5"": ""64"", ""4"": ""1"", ""3"": ""4"", ""2"": ""1"", ""1"": ""0""}",[]
https://www.google.com/maps/place/Destille+Caf%C3%A9+Bar/data=!4m7!3m6!1s0x479af703e1d85905:0x336bec1615fdcb62!8m2!3d47.6680829!4d9.1808219!16s%2Fg%2F1tp071xk!19sChIJBVnY4QP3mkcRYsv9FRbsazM?authuser=0,0x479af703e1d85905:0x336bec1615fdcb62,47.6680829,9.1808219,Destille Café Bar,Bar,4.5,,·€10–20,"Mainaustraße 6, 78464 Konstanz-Petershausen-Ost, Germany",http://www.destille-konstanz.de/,+49 7531 3611101,,,,"{""5"": ""323"", ""4"": ""96"", ""3"": ""39"", ""2"": ""7"", ""1"": ""7""}",[]
https://www.google.com/maps/place/SUPPA+-+Pane+e+Amore/data=!4m7!3m6!1s0x479af71dab2f276f:0xe5d59863676f7970!8m2!3d47.6607939!4d9.176506!16s%2Fg%2F11gfkbjmhj!19sChIJbycvqx33mkcRcHlvZ2OY1eU?authuser=0,0x479af71dab2f276f:0xe5d59863676f7970,47.6607939,9.176506,SUPPA - Pane e Amore,,4.6,,·€20–30,"Brotlaube 1, 78462 Konstanz-Altstadt, Germany",https://www.paneeamore.de/,+49 7531 4558448,,,,"{""5"": ""307"", ""4"": ""52"", ""3"": ""12"", ""2"": ""4"", ""1"": ""14""}",[]
https://www.google.com/maps/place/Cafe-Restaurant+im+Sport+Center/data=!4m7!3m6!1s0x479af6f804bf4dbd:0x3735e8baaa3d6c0e!8m2!3d47.6739178!4d9.1654886!16s%2Fg%2F1ttyvqf3!19sChIJvU2_BPj2mkcRDmw9qrroNTc?authuser=0,0x479af6f804bf4dbd:0x3735e8baaa3d6c0e,47.6739178,9.1654886,Cafe-Restaurant im Sport Center,Restaurant,4.6,1,·€10–30,"De-Trey-Straße 4, 78467 Konstanz-Petershausen-West, Germany",http://www.sportcenter-konstanz.de/,+49 7531 51072,,,,"{""5"": ""29"", ""4"": ""11"", ""3"": ""2"", ""2"": ""1"", ""1"": ""0""}",[]
